HotelID,HotelName,HotelStarRating,HotelAddress,HotelPhone,HotelEmail,HotelWebsite,Reviews_count,NumberOfRooms,AverageRoomRateUSD,LastRenovationDate,DistanceToAirport,RatingAverage,BookingURL,distance_to_center,breakfast,cancellation_policy,prepayment_policy,Free Wi-Fi,Spa,Fitness Center,Restaurant,Bar,Conference Facilities,Non-Smoking Rooms,Sauna,Business Center,Outdoor Pool,Gym,Indoor swimming pool
1,Four Seasons Hotel ,5,"1 Neftchilar Avenue, Baku, Azerbaijan",+994 12 404 2424,reservations.baku@fourseasons.com,www.fourseasons.com/baku,511,171,500,2012,25,9.3,https://www.booking.com/hotel/az/four-seasons-baku,0.9,Not included,Free cancellation,No prepayment needed,1,1,0,0,0,0,0,0,0,0,1,1
2,JW Marriott Absheron ,5,"674 Azadliq Square, Baku, Azerbaijan",+994 12 499 8888,jwmarriott.baku@marriott.com,www.marriott.com/baku,935,243,320,2011,24,9.4,https://www.booking.com/hotel/az/jw-marriott-absheron-baku,1.7,Not included,No free cancellation,Prepayment needed,1,1,0,0,0,0,0,0,1,0,1,1
3,"Fairmont Baku , Flame Towers",5,"1A Mehdi Huseyn Street, Baku, Azerbaijan",+994 12 565 4848,baku.reservations@fairmont.com,www.fairmont.com/baku,1505,318,280,2013,27,9.2,https://www.booking.com/hotel/az/fairmont-baku,1.5,Not included,No free cancellation,Prepayment needed,1,1,0,0,0,0,0,0,0,0,0,0
4,Hilton Baku,5,"1B Azadlig Avenue, Baku, Azerbaijan",+994 12 464 5000,hilton.baku@hilton.com,www.hilton.com/baku,1211,309,300,2010,23,9.1,https://www.booking.com/hotel/az/hilton-baku,1.1,Not included,No free cancellation,Prepayment needed,0,0,1,0,0,0,0,0,0,0,0,0
5,Hyatt Regency ,5,"1033 Izmir Street, Baku, Azerbaijan",+994 12 490 1234,baku.regency@hyatt.com,www.hyatt.com/baku,712,159,270,2009,26,9.0,https://www.booking.com/hotel/az/hyatt-regency-baku,2.1,Not included,No free cancellation,Prepayment needed,0,1,1,0,0,0,0,0,0,1,0,0
6,The Ritz-Carlton,5,"1 Heydar Aliyev Avenue, Baku, Azerbaijan",+994 12 499 8800,ritzcarlton.baku@ritzcarlton.com,www.ritzcarlton.com/baku,237,202,380,2020,22,9.6,https://www.booking.com/hotel/az/ritz-carlton-baku,3.1,Not included,No free cancellation,Prepayment needed,0,1,0,0,0,0,0,0,0,0,0,0
7,Radisson Hotel ,5,"8 Nizami Street, Baku, Azerbaijan",+994 12 491 3000,radisson.baku@radisson.com,www.radissonhotels.com/baku,3772,248,260,2014,28,8.9,https://www.booking.com/hotel/az/radisson-baku,0.5,Included,Free cancellation,No prepayment needed,1,0,1,1,0,0,0,0,0,0,0,0
8,Sapphire City Hotel ,4,"20 Nigar Rafibeyli Street, Baku, Azerbaijan",+994 12 444 4949,info@sapphirecitybaku.com,www.sapphirecityhotel.com,656,42,180,2017,30,8.7,https://www.booking.com/hotel/az/sapphirecitybaku,0.2,Not included,No free cancellation,Prepayment needed,1,0,0,0,1,1,0,0,0,0,0,0
9,InterContinental Baku,5,"31 Bulbul Avenue, Baku, Azerbaijan",+994 12 555 1234,intercontinental.baku@ihg.com,www.ihg.com/intercontinental/baku,1560,150,340,2021,21,9.4,https://www.booking.com/hotel/az/intercontinental-baku,0.7,Not included,No free cancellation,Prepayment needed,0,1,0,0,1,0,0,0,0,0,0,0
10,Excelsior Hotel & Spa ,5,"2 Heydar Aliyev Avenue, Baku, Azerbaijan",+994 12 496 8000,info@excelsior.az,www.excelsior.az/en/pages/14/about-us,504,61,230,2005,25,4.5,https://www.booking.com/hotel/az/excelsior-baku,3.0,Not included,Free cancellation,No prepayment needed,1,1,1,0,0,1,0,0,0,0,0,0
11,Boulevard Hotel  Autograph Collection,5,"4C Khagani Rustamov Street, Baku White City, Baku, Azerbaijan",+994 12 310 00 10,info@boulevardhotel.com,www.boulevardhotelbaku.com,1200,818,195,2015,20,8.1,https://www.booking.com/hotel/az/boulevard-hotel,4.0,Included,Free cancellation,No prepayment needed,1,1,1,1,1,1,0,1,0,0,0,0
12,Sheraton  Intourist Hotel,5,"51 Mikail Useynov Avenue, Baku, Azerbaijan",+994 12 437 9090,info@intouristhotel.az,www.intouristhotelbaku.com,1921,150,200,2015,25,8.7,https://www.booking.com/hotel/az/intourist-hotel,1.9,Not included,No free cancellation,Prepayment needed,1,1,1,1,1,0,0,1,0,0,0,0
13,Pullman Baku,5,"1C M. Mushfig Street, Baku, Azerbaijan",+994 12 490 7000,info@pullman-baku.com,www.pullmanbaku.com,418,280,180,2011,31,8.4,https://www.booking.com/hotel/az/pullman-baku,4.2,Included,Free cancellation,No prepayment needed,1,1,1,1,1,1,0,0,0,1,0,0
14,Kempinski Hotel Badamdar ,5,"1C Mikayil Mushfiq Street, Baku, Azerbaijan",+994 12 538 9090,info@kempinski-badamdar.com,www.kempinskihotelbadamdar.com,245,280,250,2011,31,8.0,https://www.booking.com/hotel/az/kempinski,4.5,Not included,No free cancellation,Prepayment needed,1,1,1,1,1,1,0,1,0,0,0,0
15,Royal Garden Hotel,4,"1 Bakikhanov Street, Yasamal District, Baku, Azerbaijan",+994 12 123 4567,info@royalgarden.az,www.royalgarden.az,189,183,150,2021,28,8.3,https://www.planetofhotels.com/en/azerbaijan/baku/royal-garden-hotel,2.0,Included,Free cancellation,Prepayment needed,1,1,1,1,0,0,0,0,0,1,0,0
16,Grand Hotel Europe ,5,"22 Tbilisi Avenue, Baku, Azerbaijan",+994 12 490 70 90,sales@grand-europe.az,www.grandhoteleuropebaku.com,144,75,225,2022,28,8.0,https://www.booking.com/hotel/az/grand-hotel-europe,1.5,Included,Free cancellation,No prepayment needed,1,1,0,1,1,1,0,0,0,0,0,0
17,Golden Coast Hotel ,5,"14 Mikail Useynov Street, Baku, Azerbaijan","+994 12 491 5200, +994 51 291 6931",info@goldencoast.az,www.goldencoasthotelbaku.com,276,125,200,2018,30,8.2,https://www.booking.com/hotel/az/golden-coast,1.7,Included,Free cancellation,Prepayment needed,1,1,1,1,1,1,0,1,0,0,0,0
18,Winter Park Hotel ,4,"210 M. Aliyev Street, Nasimi District, AZ1015, Baku, Azerbaijan",+994 12 599 9199,reservation@winterparkhotel.net,www.winterparkhotelbaku.com,3143,170,145,2017,25,9.1,https://www.booking.com/hotel/az/winter-park,1.3,Included,Free cancellation,No prepayment needed,1,1,1,1,0,0,1,0,0,0,0,0
19,Park Inn by Radisson ,4,"1 Azadlig Avenue, Baku, Azerbaijan",+994 12 490 6000,info@parkinn-baku.com,www.parkinnbaku.com,672,255,155,2018,24,8.4,https://www.booking.com/hotel/az/park-inn-radisson-baku,0.9,Included,Free cancellation,No prepayment needed,1,0,1,1,1,1,0,0,1,0,0,0
20,Ramada by Wyndham ,5,"Salyan Highway, Shikhov Beach 1023, Baku, Azerbaijan",+994 12 491 7303,"sales@ramadabaku.com, info@ramadabaku.com",www.ramadabaku.com,1505,79,140,2024,35,7.2,https://www.booking.com/hotel/az/ramada-wyndham-baku,7.8,Not included,No free cancellation,Prepayment needed,1,1,1,1,1,1,0,0,1,1,0,0
21,Molokan Inn Hotel ,4,"8 Gogol Street, Sabail, Baku, Azerbaijan",+994 12 494 45 45,info@molokaninnbaku.com,www.molokaninn.az,384,21,75,2021,25,8.5,https://www.booking.com/molokaninnbaku,0.5,Included,Free cancellation,No prepayment needed,1,0,0,1,0,0,0,0,0,0,0,0
22,Promenade Hotel ,5,"38 Sabir Street, Baku, Azerbaijan",+994 12 505 12 12,info@promenadebaku.com,www.promenadebaku.com,458,50,85,2020,22,8.7,https://www.booking.com/promenadehotelbaku,0.7,Included,Free cancellation,No prepayment needed,1,0,0,1,0,0,1,0,0,0,0,0
23,Theatrum Hotel ,5,"16 Samad Vurgun Street, Baku, Azerbaijan",+994 12 565 56 56,info@theatrumhotelbaku.com,www.theatrumhotelbaku.com,1500,60,120,2021,19,9.0,https://www.booking.com/theatrumhotelbaku,1.2,Included,Free cancellation,No prepayment needed,1,1,0,1,0,1,1,0,0,0,0,0
24,Miraj Hotel ,4,"18 Ahmad Rajabli Street, Baku, Azerbaijan",+994 12 433 45 45,info@mirajhotelbaku.com,www.mirajhotelbaku.com,168,40,80,2019,18,8.3,https://www.booking.com/mirajhotelbaku,2.3,Included,Free cancellation,No prepayment needed,1,0,1,1,0,0,1,0,0,0,0,0
25,Centric  Boutique Hotel,4,"15 Nizami Street, Baku, Azerbaijan",+994 12 450 45 45,info@centricbaku.com,www.centricbaku.com,194,30,95,2020,21,8.6,https://www.booking.com/centricbaku,0.5,Not included,Free cancellation,No prepayment needed,1,0,0,0,0,0,1,0,0,0,0,0
26,Sapphire Bayil ,4,"3 Neftchilar Avenue, Baku, Azerbaijan",+994 12 495 55 55,info@sapphirebayilbaku.com,www.sapphirebayilbaku.com,342,45,100,2020,20,8.4,https://www.booking.com/sapphirebayilbaku,3.1,Not included,No free cancellation,Prepayment needed,1,0,0,1,1,0,1,0,0,0,0,0
27,Nobel Hotel ,4,"50 Nobel Avenue, Baku, Azerbaijan",+994 12 567 67 67,info@nobelhotelbaku.com,www.nobelhotelbaku.com,286,55,85,2019,19,8.2,https://www.booking.com/nobelhotelbaku,1.5,Included,Free cancellation,No prepayment needed,1,0,1,1,0,0,1,0,0,0,0,0
28,Seven Rooms Boutique Hotel,4,"7 Bulbul Avenue, Baku, Azerbaijan",+994 12 477 77 77,info@sevenroomsbaku.com,www.sevenroomsbaku.com,132,20,90,2020,18,8.8,https://www.booking.com/sevenroomsbaku,0.2,Included,Free cancellation,No prepayment needed,1,0,0,0,0,0,1,0,0,0,0,0
29,Passage Boutique Hotel,4,"19 Nigar Rafibeyli Street, Baku, Azerbaijan",+994 12 497 19 19,info@passagehotelbaku.com,www.passagehotelbaku.com,287,28,65,2021,20,8.4,https://www.booking.com/passagehotelbaku,1.7,Included,Free cancellation,No prepayment needed,1,0,0,1,0,0,1,0,0,0,0,0
30,West Shine Hotel ,4,"4 Tabriz Khalilbeyli Street, Baku, Azerbaijan",+994 12 493 66 66,info@westshinehotelbaku.com,www.westshinehotelbaku.com,197,30,75,2019,22,8.1,https://www.booking.com/westshinehotelbaku,2.0,Not included,No free cancellation,Prepayment needed,1,0,0,1,0,0,1,0,0,0,0,0
31,Amber Hotel ,4,"29 Jafar Jabbarli Street, Baku, Azerbaijan",+994 12 594 01 49,sales@amberhotel.az,www.amberhotel.az,138,22,75,2021,28,8.2,https://www.booking.com/amberhotelbaku,1.9,Included,Free cancellation,No prepayment needed,1,0,0,1,0,0,1,0,0,0,0,0
32,Teatro Boutique Hotel,4,"16A Narimanov Avenue, Baku, Azerbaijan",+994 12 480 37 00,info@teatroboutiquehotel.com,www.teatroboutiquehotel.com,236,40,70,2019,23,8.6,https://www.booking.com/teatroboutiquehotel,2.2,Included,Free cancellation,No prepayment needed,1,1,1,1,0,0,1,0,0,0,0,0
33,Modern Hotel Baku ,4,"188 Mirali Gashgai Street, Baku, Azerbaijan",+994 12 449 47 47,info@modernhotelbaku.com,www.modernhotelbaku.com,2281,67,65,2020,25,8.4,https://www.booking.com/modernhotelbaku,2.5,Not included,No free cancellation,Prepayment needed,1,0,1,1,0,0,1,0,0,0,0,0
34,New  Baku Hotel,4,"58 Nizami Street, Baku, Azerbaijan",+994 12 495 60 00,info@newbakuhotel.com,www.newbakuhotel.com,158,45,85,2018,19,8.5,https://www.booking.com/newbakuhotel,1.8,Included,Free cancellation,No prepayment needed,1,1,0,1,0,1,1,0,0,0,0,0
35,Opera Hotel ,4,"20 Samed Vurgun Street, Baku, Azerbaijan",+994 12 493 20 20,info@operahotelbaku.com,www.operahotelbaku.com,119,70,110,2017,18,8.8,https://www.booking.com/operahotelbaku,2.0,Included,Free cancellation,No prepayment needed,1,1,1,0,0,1,1,0,0,0,0,0
36,Ariva Hotel ,4,"22 Ziya Bunyadov Street, Baku, Azerbaijan",+994 12 566 50 01,info@arivahotelbaku.com,www.arivahotelbaku.com,94,47,55,2019,20,7.9,https://www.booking.com/arivahotelbaku,1.9,Included,No free cancellation,Prepayment needed,1,1,1,1,0,0,1,0,0,0,0,0
37,Caspi Hotel ,3,"1-ci Yashil Ada Ev 7, Baku, Azerbaijan",+994 50 123 45 67,info@caspi-baku.com,www.caspibakuhotel.com,112,18,40,2017,18,8.0,https://www.booking.com/caspibaku,1.6,Not included,Free cancellation,No prepayment needed,1,0,0,0,0,0,1,0,0,0,0,0
38,Austin Boutique Hotel,4,"27B Afiyeddin Jalilov Street, Baku, Azerbaijan",+994 12 497 57 07,info@austinbaku.com,www.austinboutiquehotel.com,76,31,65,2018,24,8.2,https://www.booking.com/austinboutiquehotel,1.4,Included,Free cancellation,No prepayment needed,1,0,0,1,1,0,1,0,0,0,0,0
39,Rigs Hotel ,3,"76 Boyuk Gala Street, Baku, Azerbaijan",+994 12 496 72 11,info@rigshotel.com,www.rigshotel.com,154,32,50,2016,26,7.8,https://www.booking.com/rigshotel,1.3,Included,Free cancellation,No prepayment needed,1,0,0,1,0,0,1,0,0,0,0,0
40,Kichik Gala Boutique Hotel ,4,"64 Khojali Avenue, Baku, Azerbaijan",+994 12 497 20 45,info@galaboutiquehotel.com,www.galaboutiquehotel.com,87,21,70,2020,19,8.5,https://www.booking.com/galaboutiquehotel,0.9,Included,Free cancellation,No prepayment needed,1,0,0,1,0,0,1,0,0,0,0,0
41,Ibis  City Hotel,3,"9 M. Narimanov Street, Baku, Azerbaijan",+994 12 488 89 00,h9622@accor.com,www.ibis.com/baku-city,1825,202,50,2024,17,8.8,https://www.booking.com/ibis-baku-city,4.0,Included,Free cancellation,No prepayment needed,1,0,1,1,1,0,1,0,0,0,0,0
42,Sunday Hotel ,4,"11A M. R. Rasulzada Street, Baku, Azerbaijan",+994 12 493 30 40,info@sundayhotelbaku.com,www.sundayhotelbaku.com,204,20,45,2018,18,8.0,https://www.booking.com/sundayhotelbaku,2.1,Not included,Free cancellation,Prepayment needed,1,0,0,1,0,0,1,0,0,0,0,0
43,Cafe Terras Hostel,2,"14A Mirza Mansur Street, Baku, Azerbaijan",+994 55 268 02 02,info@cafeterashostel.com,www.cafeterashostel.com,65,10,25,2019,19,7.5,https://www.booking.com/cafeterashostel,0.3,Included,No free cancellation,Prepayment needed,1,0,0,0,0,0,1,0,0,0,0,0
44,Parallel Hotel ,4,"19 Uzeyir Hajibeyov Street, Baku, Azerbaijan",+994 12 595 10 10,info@parallelhotelbaku.com,www.parallelhotelbaku.com,800,30,60,2020,20,8.2,https://www.booking.com/parallelhotelbaku,1.8,Included,Free cancellation,No prepayment needed,1,0,0,1,1,0,1,0,0,0,0,0
45,Sahil Inn Hotel,4,"15 Alovsat Guliyev Street, Baku, Azerbaijan",+994 12 498 88 00,info@sahilinnbaku.com,www.sahilinnbaku.com,1327,25,85,2017,15,7.8,https://www.booking.com/sahilinnbaku,2.4,Included,Free cancellation,No prepayment needed,1,0,0,1,1,0,1,0,0,0,0,0
46,Austin Hotel ,4,"63B Zahid Khalilov Street, Baku, Azerbaijan",+994 70 598 08 12,reservation@austin.az,www.austin.az,96,32,65,2020,20,8.0,https://www.booking.com/austin-hotel-baku,1.6,Included,Free cancellation,No prepayment needed,1,1,1,1,0,0,1,0,0,0,0,0
47,Central Park Hotel ,4,"4A Neftchilar Avenue, Baku, Azerbaijan",+994 12 498 99 99,info@centralparkbaku.com,www.centralparkbaku.com,226,70,75,2019,25,8.5,https://www.booking.com/centralparkhotelbaku,1.4,Not included,Free cancellation,No prepayment needed,1,0,1,1,1,0,1,1,0,0,0,0
48,Lake Palace Hotel ,5,"34 Mirza Mansur Street, Baku, Azerbaijan",+994 12 439 31 31,info@lakepalacehotelbaku.com,www.lakepalacehotel.com,88,36,85,2018,30,8.7,https://www.booking.com/lakepalacehotelbaku,2.2,Included,Free cancellation,No prepayment needed,1,1,1,1,0,1,1,0,0,0,0,0
49,Sea Port Hotel ,3,"4A Neftchilar Avenue, Baku, Azerbaijan",+994 12 480 14 14,info@seaporthotelbaku.com,www.seaporthotelbaku.com,78,30,55,2017,24,8.0,https://www.booking.com/seaporthotelbaku,1.0,Not included,No free cancellation,Prepayment needed,1,0,0,1,1,0,1,0,0,0,0,0
50,Giz Galasi Hotel,3,"34 Mirza Mansur Street, Baku, Azerbaijan",+994 12-497-1785,info@gizgalasihotelbaku.com,www.gizgalasihotelbaku.com,111,10,50,2017,19,7.5,	https://www.booking.com/gizgalasihotelbaku,0.8,Included,Free cancellation,No prepayment needed,1,1,1,1,0,0,0,1,1,0,0,0
51,Dafne Hotel ,4,"11 Ahmed Javad Street, Baku, Azerbaijan",+994 12 493 12 12,info@dafnehotelbaku.com,www.dafnehotelbaku.com,64,40,70,2019,21,8.2,https://www.booking.com/dafnehotelbaku,2.1,Not included,No free cancellation,Prepayment needed,1,1,1,1,0,0,1,0,0,0,0,0
52,Venera Hotel ,3,"5 Hasan Seyidbeyli Street, Baku, Azerbaijan",+994 12 492 49 49,info@venerahotelbaku.com,www.venerahotelbaku.com,93,25,45,2018,19,7.9,https://www.booking.com/venerahotelbaku,1.9,Included,Free cancellation,No prepayment needed,1,0,0,1,0,0,1,0,0,0,0,0
53,Moon Light Hotel ,4,"24 Asaf Zeynally Street, Baku, Azerbaijan",+994 12 491 60 60,info@moonlighthotelbaku.com,www.moonlighthotelbaku.com,52,20,60,2020,23,8.3,https://www.booking.com/moonlighthotelbaku,2.5,Included,Free cancellation,No prepayment needed,1,0,0,1,0,0,1,0,0,0,0,0
54,Sapphire Inn Hotel,4,"5 Hasan Abdullayev Street, Sabayil District, Baku, Azerbaijan",+994 12 505 1105,info@sapphireinn.az,www.sapphireinn.az,491,56,95,2013,21,4.1,https://www.trip.com/hotels/baku-hotel-detail-17412685/sapphire-inn-hotel/,1.3,Included,Free cancellation,No prepayment needed,1,0,0,1,1,0,0,0,0,0,0,0
55,Alp Inn Hotel ,4,"82 Azadlig Avenue, Baku, Azerbaijan",+994 12 435 35 35,info@alpinnbaku.com,www.alpinnbaku.com,182,50,75,2019,18,8.6,https://www.booking.com/alpinnhotelbaku,2.0,Included,No free cancellation,Prepayment needed,1,0,1,1,0,0,1,0,0,0,0,0
56,Wyndham Hotel ,5,"12 Alasgar Gayibov Street, Baku, Azerbaijan",+994 12 567 00 77,info@wyndhambaku.com,www.wyndhambaku.com,457,123,120,2017,20,8.0,https://www.booking.com/wyndham-baku,0.2,Not included,No free cancellation,Prepayment needed,1,1,1,0,0,1,1,0,0,0,0,0
57,Sky Hotel ,4,"26 Mammad Araz Street, Baku, Azerbaijan",+994 12 511 44 55,info@skyhotelbaku.com,www.skyhotelbaku.com,134,50,90,2019,22,8.2,https://www.booking.com/skyhotelbaku,2.3,Included,Free cancellation,No prepayment needed,1,0,1,1,0,0,1,0,0,0,0,0
58,Diamond Hotel ,4,"27 Teymur Elchin Street, Baku, Azerbaijan",+994 12 432 35 35,info@diamondhotelbaku.com,www.diamondhotelbaku.com,178,60,85,2020,23,8.3,https://www.booking.com/diamondhotelbaku,3.7,Not included,No free cancellation,Prepayment needed,1,1,1,1,0,0,1,0,0,0,0,0
59,Ammar Grand Hotel ,4,"15 Nobel Avenue, Baku, Azerbaijan",+994 12 499 88 22,info@ammargrandhotel.com,www.ammargrandhotel.com,141,110,100,2018,19,8.6,https://www.booking.com/ammargrandhotel,3.4,Included,Free cancellation,No prepayment needed,1,1,1,1,0,1,1,0,0,0,0,0
60,Auroom Hotel ,4,"18 Mammad Araz Street, Baku, Azerbaijan",+994 12 465 78 90,info@auroomhotelbaku.com,www.auroomhotelbaku.com,212,45,95,2019,20,8.4,https://www.booking.com/auroomhotelbaku,2.5,Included,Free cancellation,No prepayment needed,1,1,1,1,0,0,1,0,0,0,0,0
61,Alba Hotel & Spa,5,"10 Azadlig Avenue, Baku, Azerbaijan",+994 12 478 47 47,info@albahotelspa.com,www.albahotelspa.com,1555,75,85,2021,18,8.8,https://www.booking.com/albahotelspa,4.8,Included,No free cancellation,Prepayment needed,1,1,1,0,0,0,1,0,0,0,0,0
62,Harmony Hotel ,4,"16 Zarifa Aliyeva Street, Baku, Azerbaijan",+994 12 434 22 22,info@harmonyhotelbaku.com,www.harmonyhotelbaku.com,145,55,120,2020,21,8.5,https://www.booking.com/harmonyhotelbaku,3.4,Included,Free cancellation,No prepayment needed,1,0,0,1,0,0,1,0,0,0,0,0
63,Ganjali Plaza Hotel,4,"14 Fuzuli Street, Baku, Azerbaijan",+994 12 492 32 32,info@ganjaliplazahotel.com,www.ganjaliplazahotel.com,198,70,60,2017,24,8.1,https://www.booking.com/ganjaliplazahotel,1.7,Included,Free cancellation,No prepayment needed,1,0,1,1,0,1,1,0,0,0,0,0
64,Grand Midway Hotel ,4,"8 Nizami Street, Baku, Azerbaijan",+994 12 493 66 66,info@grandmidwayhotelbaku.com,www.grandmidwayhotelbaku.com,110,40,65,2018,20,8.3,https://www.booking.com/grandmidwayhotelbaku,0.4,Included,Free cancellation,No prepayment needed,1,1,0,1,0,0,1,0,0,0,0,0
65,Ivy Garden Hotel ,5,"5 Mikayil Huseynov Street, Baku, Azerbaijan",+994 12 490 22 22,info@ivygardenhotel.com,www.ivygardenhotel.com,94,90,150,2022,17,9.0,https://www.booking.com/ivygardenhotel,1.9,Included,No free cancellation,Prepayment needed,1,1,1,1,0,0,1,0,0,0,0,0
66,Maestro Hotel,4,"30 Rastrapovich Street, Baku, Azerbaijan",+994 55 918 00 12,info@maestrohotel.az,www.maestrohotel.az,158,28,60,2020,25,8.2,https://www.booking.com/maestrohotelbaku,1.2,Included,Free cancellation,No prepayment needed,1,0,0,1,0,0,1,0,0,0,0,0
67,City Walls Hotel,3,"Kichik Gala Pereulok 8, Baku, Azerbaijan",+994 12 499 88 22,info@citywallshotel.az,www.citywallshotelbaku.com,142,9,39,2019,27,7.2,https://www.booking.com/citywallshotelbaku,0.4,Included,Free cancellation,No prepayment needed,1,0,0,1,0,0,1,0,0,0,0,0
68,Point Hotel ,5,"20 Murtuza Mukhtarov Street, Baku, Azerbaijan",+994 12 491 50 50,info@pointhotelbaku.com,www.pointhotelbaku.com,132,90,140,2021,22,8.9,https://www.booking.com/pointhotelbaku,2.6,Not included,No free cancellation,Prepayment needed,1,1,1,1,0,1,1,0,0,0,0,0
69,Liman Hotel ,4,"12 Nariman Narimanov Avenue, Baku, Azerbaijan",+994 12 455 66 66,info@limanhotelbaku.com,www.limanhotelbaku.com,102,50,55,2020,21,8.4,https://www.booking.com/limanhotelbaku,0.9,Included,Free cancellation,No prepayment needed,1,0,0,1,0,0,1,0,0,0,0,0
70,Dondar Hotel ,4,"5 Ziya Bunyadov Street, Baku, Azerbaijan",+994 12 451 22 33,info@dondarhotelbaku.com,www.dondarhotelbaku.com,75,35,65,2018,23,7.8,https://www.booking.com/dondarhotelbaku,3.2,Not included,Free cancellation,No prepayment needed,1,0,0,1,0,0,1,0,0,0,0,0
71,Royal Antique Boutique Hotel,4,"10 Istiglaliyyat Street, Baku, Azerbaijan",+994 12 478 44 44,info@royalantiquebaku.com,www.royalantiquebaku.com,167,30,75,2021,20,8.5,https://www.booking.com/royalantiquebaku,1.0,Included,No free cancellation,Prepayment needed,1,0,0,1,0,0,1,0,0,0,0,0
72,Renaissance Palace ,4,"14 Neftchilar Avenue, Baku, Azerbaijan",+994 12 492 20 20,info@renaissancepalacebaku.com,www.renaissancepalacebaku.com,208,80,95,2017,18,8.8,https://www.booking.com/renaissancepalacebaku,2.5,Included,Free cancellation,No prepayment needed,1,1,1,1,0,1,1,0,0,0,0,0
73,Shah Palace Hotel ,4,"19 Mirza Mansur Street, Baku, Azerbaijan",+994 12 497 78 78,info@shahpalacehotelbaku.com,www.shahpalacehotelbaku.com,234,100,85,2021,17,9.0,https://www.booking.com/shahpalacehotelbaku,1.1,Included,No free cancellation,Prepayment needed,1,1,1,1,0,1,1,0,0,0,0,0
74,Nizami Street Hotel,3,"221 Nizami Street, Baku, Azerbaijan",+994 12 493 1010,info@nizamistreethotel.az,www.planetofhotels.com/en/azerbaijan/baku/nizami-street-hotel,147,20,55,2017,21,8.0,https://www.planetofhotels.com/en/azerbaijan/baku/nizami-street-hotel,0.6,Included,Free cancellation,No prepayment needed,1,0,0,1,0,0,0,0,0,0,0,0
75,Premier Hotel ,4,"28 Shamsi Rahimov Street, Baku, Azerbaijan",+994 12 441 09 06,info@premierhotelbaku.com,www.premierhotelbaku.com,777,20,60,2019,25,8.1,https://www.booking.com/premierhotelbaku,1.1,Included,Free cancellation,No prepayment needed,1,0,0,1,0,0,1,1,0,0,0,0
76,All Seasons Hotel ,3,"29A Tbilisi Avenue, Baku, Azerbaijan",+994 12 565 45 65,info@allseasonshotelbaku.com,www.allseasonshotelbaku.com,174,50,70,2020,20,8.3,https://www.booking.com/allseasonshotelbaku,2.2,Not included,Free cancellation,Prepayment needed,1,0,1,1,0,0,1,0,0,0,0,0
77,Atropat Hotel ,4,"11 Boyuk Gala Street, Baku, Azerbaijan",+994 12 492 34 34,info@atropathotelbaku.com,www.atropathotelbaku.com,138,30,85,2018,21,8.7,https://www.booking.com/atropathotelbaku,1.0,Included,Free cancellation,No prepayment needed,1,1,0,1,0,1,1,0,0,0,0,0
78,East Legend Panorama Hotel ,4,"13 Niyazi Street, Baku, Azerbaijan",+994 12 441 05 05,info@eastlegendbaku.com,www.eastlegendbaku.com,127,40,85,2021,22,8.4,https://www.booking.com/eastlegendbaku,3.0,Included,Free cancellation,No prepayment needed,1,0,0,1,0,0,1,0,0,0,0,0
79,Golden Time Hotel ,4,"22 Ahmad Rajabli Street, Baku, Azerbaijan",+994 12 433 22 22,info@goldentimebaku.com,www.goldentimebaku.com,156,60,75,2019,18,8.5,https://www.booking.com/goldentimebaku,2.5,Included,No free cancellation,Prepayment needed,1,0,1,1,0,0,1,0,0,0,0,0
80,Homebridge Hotel Apartments ,4,"16 Hesen Aliyev Street, Baku, Azerbaijan",+994 12 499 99 99,info@homebridgebaku.com,www.homebridgebaku.com,198,45,60,2020,19,8.9,https://www.booking.com/homebridgebaku,1.6,Included,Free cancellation,No prepayment needed,1,0,1,0,0,0,1,0,0,0,0,0
81,Naftalan Guest House,2,"25 Neftchilar Avenue, Baku, Azerbaijan",+994 12 565 56 56,info@naftalanbaku.com,www.naftalanbaku.com,111,70,40,2022,17,9.0,https://www.booking.com/naftalanbaku,2.4,Included,Free cancellation,No prepayment needed,1,1,0,1,0,1,1,0,0,0,0,0
82,Tourist Hotel ,3,"18 Ziya Bunyadov Street, Baku, Azerbaijan",+994 12 441 22 22,info@touristhotelbaku.com,www.touristhotelbaku.com,82,35,55,2019,22,8.1,https://www.booking.com/touristhotelbaku,0.7,Included,Free cancellation,No prepayment needed,1,0,0,1,0,0,1,0,0,0,0,0
83,Days Hotel ,4,"18 Baba Aliyev Street, Baku, Azerbaijan",+994 12 480 12 12,info@dayshotelbaku.com,www.dayshotelbaku.com,199,60,80,2020,21,8.3,https://www.booking.com/dayshotelbaku,1.3,Not included,No free cancellation,Prepayment needed,1,0,1,1,0,1,1,0,0,0,0,0
84,Old Baku Hotel,3,"8 Gogol Street, Sabail, Baku, Azerbaijan",+994 12 494 45 45,info@molokaninnbaku.com,www.molokaninn.az,139,17,75,2021,25,8.5,https://www.booking.com/oldbakuhotel,0.9,Included,Free cancellation,No prepayment needed,1,0,0,1,0,0,0,0,0,0,0,0
85,Shams Mini Hotel ,3,"15 Izzat Nabiyev Street, Baku, Azerbaijan",+994 12 567 00 77,info@shamsminibaku.com,www.shamsminibaku.com,66,25,50,2020,20,7.8,https://www.booking.com/shamsminibaku,3.2,Included,No free cancellation,Prepayment needed,1,0,0,0,0,0,1,0,0,0,0,0
86,Art Gallery Hotel ,5,"20 Tarlan Aliyarbeyov Street, Baku, Azerbaijan",+994 12 567 89 65,info@artgallerybaku.com,www.artgallerybaku.com,88,35,130,2019,19,8.4,https://www.booking.com/artgallerybaku,0.3,Included,Free cancellation,No prepayment needed,1,0,1,1,0,0,1,0,0,0,0,0
87,New City Hotel,4,"33 Aziz Aliyev Street, Baku, Azerbaijan",+994 12 492 1234,info@bakucityhotel.az,www.bakucity.az,132,20,70,2020,25,7.0,https://www.planetofhotels.com/en/azerbaijan/baku/baku-city-hotel,2.6,Included,No free cancellation,Prepayment needed,1,0,0,0,0,0,0,0,0,0,0,0
88,Azcot Hotel ,4,"17 Hazi Aslanov Street, Baku, Azerbaijan",+994 12 493 20 20,info@azcothotelbaku.com,www.azcothotelbaku.com,147,60,55,2017,18,8.8,https://www.booking.com/azcothotelbaku,1.0,Included,Free cancellation,No prepayment needed,1,1,1,1,0,1,1,0,0,0,0,0
89,Comfort Inn Hotel ,3,"40 Mirali Qashqai Street, Baku, Azerbaijan",+994 12 441 09 06,info@comforthotelbaku.com,www.comforthotelbaku.com,101,28,55,2019,23,8.3,https://www.booking.com/comforthotelbaku,2.0,Included,Free cancellation,Prepayment needed,1,0,0,0,0,0,1,0,0,0,0,0
90,Sunset Hotel ,3,"22 Azadlig Avenue, Baku, Azerbaijan",+994 12 433 22 22,info@sunsethotelbaku.com,www.sunsethotelbaku.com,97,45,50,2020,22,8.7,https://www.booking.com/sunsethotelbaku,3.0,Included,Free cancellation,No prepayment needed,1,0,0,0,0,0,1,0,0,0,0,0
91,Yasamal Hostel ,2,"15 Yasamal Avenue, Baku, Azerbaijan",+994 12 478 47 47,info@yasamalhotelbaku.com,www.yasamalhotelbaku.com,68,55,20,2021,21,8.5,https://www.booking.com/yasamalhotelbaku,1.3,Not included,No free cancellation,Prepayment needed,1,0,1,0,0,0,1,0,0,0,0,0
92,Arion Hotel ,5,"10 Niyazi Street, Baku, Azerbaijan",+994 12 495 55 55,info@arionhotelbaku.com,www.arionhotelbaku.com,78,35,90,2020,20,8.4,https://www.booking.com/arionhotelbaku,2.5,Included,Free cancellation,No prepayment needed,1,0,0,1,0,0,1,0,0,0,0,0
93,Marriott Hotel Boulevard,5,"4C Khagani Rustamov Street, Baku, Azerbaijan",+994 12 310 00 77,info@marriottbaku.com,www.marriott.com,215,812,145,2021,25,9.0,https://www.booking.com/marriottboulevard,3.9,Not included,No free cancellation,Prepayment needed,1,1,1,1,0,0,1,0,0,0,0,0
94,Bristol Hotel Baku,4,"6 Mammad Amin Rasulzadeh Street, Sabayil District, Baku, Azerbaijan",+994 12 492 5802,info@bristolhotel.az,www.bristol.az,194,30,70,2012,25,7.5,https://www.Booking.com/hotel/az/bristol.en.html,0.6,Included,Free cancellation,No prepayment needed,1,0,0,0,0,0,1,0,0,0,0,0
95,Holiday Inn ,4,"16 Keykab Khanim Street, Baku, Azerbaijan",+994 12 465 20 20,info@holidayinnbaku.com,www.holidayinnbaku.com,1772,223,120,2020,24,8.7,https://www.booking.com/holidayinnbaku,2.2,Included,Free cancellation,Prepayment needed,1,1,1,0,1,1,1,0,0,0,0,0
96,White City Hostel,3,"Rovshan Aliyev Street, AZ1025 Baku, Azerbaijan",+994 12 595 2000,info@whitecityhotel.az,www.booking.com/hotel/az/white-city.en.html,54,40,30,2019,22,8.0,https://www.booking.com/hotel/az/white-city.en.html,1.3,Not included,Free cancellation,Prepayment needed,1,0,0,0,0,0,0,0,0,0,0,0
97,Qafqaz Baku City Hotel & Residences,4,"123 Heydar Aliyev Avenue, Baku, Azerbaijan",+994 12 499 99 99,info@qafqazcitybaku.com,www.qafqazcitybaku.com,145,350,95,2021,28,9.0,https://www.booking.com/qafqazcitybaku,3.0,Included,Free cancellation,No prepayment needed,1,1,1,0,0,0,1,0,0,0,0,0
98,Diplomat Hotel Baku,3,"Suleyman Rahimov Street 185, Nasimi District, Baku, Azerbaijan",+994 12 493 1919,info@diplomathotelbaku.com,www.diplomathotelbaku.com,172,24,50,2017,25,7.0,https://www.trip.com/hotels/baku-hotel-detail-3090215/diplomat-hotel-baku/,0.9,Included,No free cancellation,Prepayment needed,1,0,0,1,0,0,0,0,0,0,0,0
99,Swan Hotel Baku,3,"29 Rastrapovichler, Yasamal District, Baku, Azerbaijan",+994 50 705 6555,swanhotelbaku2023@gmail.com,www.swanhotelbaku.com/en/,98,20,55,2022,25,8.0,https://swanhotelbaku.com/en/,1.0,Included,Free cancellation,No prepayment needed,1,0,0,1,0,0,0,0,0,0,0,0
100,Qafqaz Sahil  Hotel,4,"Khagani Rustamov Street, Baku, Azerbaijan",+994 12 565 43 21,info@qafqazsahil.com,www.qafqazsahil.com,204,104,100,2021,15,8.5,https://www.booking.com/qafqazsahil,2.5,Included,Free cancellation,No prepayment needed,1,1,1,1,0,0,1,0,0,0,0,0
101,The Crescent Beach Hotel ,4,"Salyan Hwy, Baku, Azerbaijan",+994 12 491 73 00,info@crescentbeachbaku.com,www.crescentbeachbaku.com,190,260,110,2020,20,8.7,https://www.booking.com/crescentbeachbaku,10.0,Included,Free cancellation,No prepayment needed,1,0,1,0,0,0,1,0,0,1,0,0
102,Hyatt Regency Baku,5,"1033 Huseyn Javid Avenue, Baku, Azerbaijan",+994 12 510 12 12,info@hyattplacebaku.com,www.hyatt.com,585,196,140,2019,18,8.9,https://www.booking.com/hyattplacebaku,2.0,Included,Free cancellation,No prepayment needed,1,0,1,1,0,1,1,0,0,0,0,0
103,Baku Inn Hotel,4,"10C Nariman Narimanov Street, Baku, Azerbaijan",+994 12 494 55 55,info@bakuinn.com,www.bakuinn.com,380,34,75,2018,19,8.2,https://www.booking.com/bakuinn,3.5,Not included,Free cancellation,No prepayment needed,1,0,0,1,0,0,1,0,0,0,0,0
104,Staybridge Suites ,4,"26 Afiyaddin Jalilov Street, Baku, Azerbaijan",+994 12 464 84 84,info@staybridgesuitesbaku.com,www.ihg.com/staybridge,410,123,105,2020,17,9.0,https://www.booking.com/staybridgebaku,1.1,Included,Free cancellation,No prepayment needed,1,0,1,0,0,0,1,0,0,0,0,0
105,Old City Inn Hotel ,3,"16 Gazi Mahammad Street, Baku, Azerbaijan",+994 12 492 44 44,info@oldcityinn.com,www.oldcityinn.com,275,21,75,2021,24,8.4,https://www.booking.com/oldcityinnbaku,0.5,Included,Free cancellation,Prepayment needed,1,0,0,1,0,0,1,0,0,0,0,0
106,The Merchant Baku,4,"1093 Gosha Gala Gapisi, Sabayil, Baku 1000, Azerbaijan",+994 12 404 05 00,info@themerchantbaku.com,www.merchantbaku.com,2477,63,110,2021,27,4.6,https://www.booking.com/hotel/az/the-merchant-baku,0.7,Included,Free cancellation,No prepayment needed,1,0,1,1,1,0,1,0,0,0,0,0
107,Icheri Sheher Hotel,3,"7B Bunyad Sardarov Street, Baku, Azerbaijan",+994 12 497 45 45,info@ichersheherhotel.com,www.ichersheherhotel.com,450,20,75,2020,21,8.8,https://www.booking.com/ichersheherbaku,1.2,Included,Free cancellation,No prepayment needed,1,0,0,0,0,0,1,0,0,0,0,0
108,Khaghani Centre Hotel,4,"12 Khaghani Street, Baku, Azerbaijan",+994 12 492 34 34,info@khaghanicentrehotel.com,www.khaghanicentrebaku.com,120,30,80,2020,22,8.4,https://www.booking.com/khaghanicentrebaku,2.4,Not included,Free cancellation,Prepayment needed,1,0,0,1,0,0,1,0,0,0,0,0
109,Museum Inn Boutique Hotel,4,"7 Niyazi Street, Baku, Azerbaijan",+994 12 497 97 97,info@museuminnbaku.com,www.museuminnbaku.com,165,15,105,2019,19,8.7,https://www.booking.com/museuminnbaku,1.0,Included,Free cancellation,No prepayment needed,1,0,0,0,0,0,1,0,0,0,0,0
110,Noah's Ark Hotel,4,"5 Niyazi Street, Baku, Azerbaijan",+994 12 495 95 95,info@noahsarkbaku.com,www.noahsarkbaku.com,140,25,90,2018,20,8.3,https://www.booking.com/noahsarkbaku,0.9,Included,Free cancellation,No prepayment needed,1,0,0,1,0,0,1,0,0,0,0,0
111,City Park Hotel ,4,"46 Nizami Street, Baku, Azerbaijan",+994 12 498 88 88,info@cityparkhotelbaku.com,www.cityparkhotelbaku.com,1077,50,95,2020,18,8.6,https://www.booking.com/cityparkhotelbaku,0.8,Included,Free cancellation,No prepayment needed,1,0,1,0,0,0,1,0,0,0,0,0
112,Parkway Inn Hotel & Spa ,4,"29 Jafar Jabbarly Street, Yasamal, Baku, Azerbaijan",+994 12 594 35 33,info@parkwayinn.az,www.parkwayinn.az,188,45,61,2018,25,4.0,https://www.booking.com/hotel/az/parkway-inn-baku,2.1,Included,No free cancellation,Prepayment needed,1,1,1,1,1,0,0,0,0,0,0,0
113,Boutique Hotel ,4,"139 Elovset Quliyev Street, Baku, Azerbaijan",+994 12 251 83 11,info@boutiquehotelbaku.com,www.boutiquehotelbaku.com,174,23,70,2018,25,4.4,https://www.booking.com/hotel/az/boutique-baku,1.5,Included,Free cancellation,No prepayment needed,1,0,0,1,1,0,1,0,0,0,0,0
114,Smith Hotel ,4,"22 Koroglu Rahimov Street, Baku, Azerbaijan",+994 12 465 75 76,info@smithhotel.az,www.smithhotel.az,130,31,60,2019,25,4.2,https://www.booking.com/hotel/az/smith-baku,2.3,Included,Free cancellation,Prepayment needed,1,0,0,1,1,0,0,0,0,0,0,0
115,Riviera Hotel ,4,"1 Qurban Abbasov Street, Baku, Azerbaijan",+994 12 491 10 10,info@riviera.az,www.riviera.az,270,30,85,2020,25,4.3,https://www.booking.com/hotel/az/riviera-baku,0.6,Included,Free cancellation,No prepayment needed,1,0,0,1,0,0,0,0,0,0,0,0
116,Atropat Old City Hotel ,4,"Magomayev Street, Baku, Azerbaijan",+994 12 492 64 62,info@atropathotel.az,www.atropat.hotels-baku.com,154,30,70,2018,26,4.0,https://www.booking.com/hotel/az/atropat-old-city-baku,1.0,Included,Free cancellation,No prepayment needed,1,0,0,1,1,0,0,0,1,0,0,0
117,Promenade Boutique Hotel ,5,"9-13 Neftchilar Avenue, Baku, Azerbaijan",+994 12 594 35 33,reservation@promenadehotel.az,www.resanthotels.az,1772,42,120,2020,25,4.5,https://www.booking.com/hotel/az/promenade-baku,2.4,Not included,No free cancellation,Prepayment needed,1,0,1,1,1,0,1,0,0,0,0,0
118,The Horizon Hotel ,4,"62 Mirza Mansur Street, Baku, Azerbaijan",+994 12 492 67 86,info@horizonhotel.az,www.horizonhotel.az,190,9,72,2020,26,6.5,https://www.trip.com/hotels/baku-hotel-detail-3109622/the-horizon-hotel/,1.9,Included,Free cancellation,No prepayment needed,1,0,0,1,1,0,0,0,1,0,0,0
119,Mogan Hotel Baku,5,"12 Inshaatchilar Avenue, Baku, Azerbaijan",+994 12 492 64 62,info@moganhotel.az,www.moganhotelbaku.com,180,145,75,2020,30,8.0,https://www.booking.com/moganhotelbaku,2.0,Included,No free cancellation,Prepayment needed,1,1,1,1,0,0,1,0,0,0,0,0
120,Deluxe Hotel and Spa,3,"119 Hasan Aliyev Street, Baku, Azerbaijan",+994 12 404-00-49,info@deluxehotel.az,www.deluxehotelbaku.com,160,39,60,2021,24,8.0,https://www.booking.com/deluxehotelbaku,3.2,Included,Free cancellation,No prepayment needed,1,1,1,1,0,0,1,1,0,0,0,0
121,Art Club Hotel,5,"11 Asaf Zeynalli Street, Icherisheher, Baku, Azerbaijan",+994 12 492 20 13,info@artclub.az,www.artclub.az,747,11,150,2000,25,9.2,https://www.booking.com/hotel/az/art-club.html,0.8,Not included,No free cancellation,Prepayment needed,0,0,0,1,0,0,1,0,0,0,0,0
122,Volga Hotel Baku,4,"Xalil Rza Ulut√ºrk 2005, AZ1029, Baku, Azerbaijan",+994 51 244 66 33,zaurmammedov46@gmail.com,www.volgahotelbaku.az,80,88,81,2021,18,9.6,https://volgahotelbaku.az,7.4,Included,No free cancellation,Prepayment needed,0,1,0,1,0,1,0,1,0,0,0,0
123,West inn Hotel & Restaurant,5,"12 Boyuk Qala Street, Old City, Baku, Azerbaijan",+994 55 881 72 34,westinnhotelbaku@gmail.com,www.westinnhotelbaku.com,130,10,120,2019,24,8.5,https://westinnhotelbaku.com,0.4,Included,Free cancellation,No prepayment needed,0,0,0,1,0,0,0,0,0,0,0,0
124,Premier Palace Baku,5,"7C Hasan Aliyev Street, Nasimi, Baku, Azerbaijan",+994 12 492 64 62,info@premierpalace.az,www.premierpalace.com,180,58,100,2020,22,9.0,https://www.booking.com/hotel/az/premier-palace-baku.html,3.0,Included,No free cancellation,Prepayment needed,0,1,0,1,1,0,0,0,0,0,0,0
125,Sapphire Hotel,4,"23 Samed Vurgun Street, Baku, Azerbaijan",+994 12 497 07 77,info@sapphirehotel.az,www.sapphirehotel.az,310,42,85,2019,24,8.8,https://www.booking.com/hotel/az/sapphire.html,0.6,Not included,No free cancellation,Prepayment needed,0,0,1,1,1,1,0,0,0,0,0,0
126,Wyndham Garden Baku,5,"1.1 miles from Koroglu Metro Station, Baku, Azerbaijan",+994 12 497 87 00,info@wyndhamgarden.com,www.wyndhamgarden.com,220,21,100,2019,16,8.9,https://www.booking.com/hotel/az/wyndham-garden-baku.html,8.7,Not included,No free cancellation,Prepayment needed,0,1,1,0,1,0,0,0,0,0,0,1
127,Badam d'Art Boutique Hotel,5,"Badamdar, 2 Massiv, 1z, Baku, Azerbaijan",+994 12 251 83 11,info@badamdart.az,www.badamhotel.az,150,16,100,2019,14,9.3,https://www.booking.com/hotel/az/badam-dart-boutique.html,2.5,Not included,Free cancellation,No prepayment needed,0,1,0,0,0,0,0,1,0,1,0,0
128,Rose Inn Hotel,3,"95 Mammad Araz Street, Baku, Azerbaijan",+994 12 404-00-49,info@roseinn.az,"www.roseinn,com",170,49,65,2020,25,8.0,https://www.booking.com/hotel/az/rose-inn-baku.html,4.0,Included,No free cancellation,Prepayment needed,0,0,1,1,1,0,0,0,0,0,0,0
129,Baku Deniz Mall family hotel apartment,5,"63 Neftchilar Prospekti, Nasimi, Baku, Azerbaijan",+994 12 480 14 14,info@denizmallfa.az,www.denizmall.com,90,35,200,2021,21,9.0,https://www.booking.com/hotel/az/deniz-mall-family-apartment-baku.html,1.6,Not included,No free cancellation,Prepayment needed,0,0,0,0,0,0,0,0,0,0,0,0
130,Baku KNightsBridge London Apartment,5,"153 Nobel Avenue (8 November 153), Baku, Azerbaijan",+994 12 251 83 11,info@knightsbridge.az,www.knightsbridge.com,65,26,110,2021,25,6.9,https://www.booking.com/hotel/az/knightsbridge-london-apartment.html,6.9,Included,No free cancellation,Prepayment needed,0,0,0,0,0,0,0,1,0,0,0,0
131,Port Marine Hotel,4,"Namiq Quliyev, Sabayil, AZ1000 Baku, Azerbaijan",+994 99 272 24 24,info@postmarine.az,www.portmarine.az,100,32,205,2021,34,7.7,https://www.booking.com/hotel/az/port-marine-baku.html,7.5,Included,No free cancellation,Prepayment needed,0,1,0,1,1,0,0,0,0,0,0,0
132,Hotel Apartment V?P Park Azure Residence,5,"50 Uzeyir Hajibeyov Street, Sabayil District, Baku, Azerbaijan",+994 12 464 5000,info@azure.az,www.azure.com,110,25,180,2020,15,10.0,https://www.booking.com/hotel/az/vip-park-azure-residence.html,3.5,Not included,No free cancellation,Prepayment needed,0,0,0,0,0,0,0,0,0,0,0,0
133,Dinamo Hotel Baku,5,"32 Zarifa Aliyeva Street, Baku, Azerbaijan",+994 12 480 14 14,info@dinamo.az,www.dinamohotelbaku.com,180,20,320,2021,17,9.1,https://www.booking.com/hotel/az/dinamo-baku.html,1.0,Included,No free cancellation,Prepayment needed,0,1,0,0,0,0,0,1,0,0,1,0
134,Villa OHO,5,"98 Primorskaya Street, Baku, Azerbaijan",+994 12 495 55 55,info@villaoho.az,www.villaoho.com,115,21,130,2021,9,8.5,https://www.booking.com/hotel/az/villa-oho-baku.html,29.2,Included,No free cancellation,Prepayment needed,0,0,0,1,1,0,0,0,0,0,0,0
135,Shirvanshah Hotel,5,"1/50 Gesr Street, Sabayil, Baku, Azerbaijan",+994 12 567 67 67,info@shirvanshah.az,www.shirvanshah.az,200,16,130,2020,16,8.5,https://www.booking.com/hotel/az/shirvanshah.html,0.7,Included,No free cancellation,Prepayment needed,0,1,1,1,1,0,0,1,0,0,0,0
136,Sea Breeze White Villas,5,"Sea Breeze Resort, White Villas 2, A59, Baku, Azerbaijan",+994 12 492 64 62,info@seabrezee.az,www.seabreeze.az,150,27,320,2020,24,9.5,https://www.booking.com/hotel/az/sea-breeze-white-villas.html,27.0,Not included,No free cancellation,Prepayment needed,0,1,1,0,0,0,0,0,0,0,0,0
137,Clover Hotel Baku Formula 1 View,4,"90A Khagani Avenue, Baku, Azerbaijan",+994 12 567 67 67,info@clover.az,www.cloverhotel.com,185,32,74,2020,25,7.8,https://www.booking.com/hotel/az/clover-hotel-baku-formula-1-view.html,1.6,Included,Free cancellation,No prepayment needed,1,0,0,1,0,0,0,0,0,0,0,0
138,Safran Hotel,4,"282 Jeyhun Hajibeyli Street, AZ1069 Baku, Azerbaijan",+994 12 440 0240,info@safranhotel.az,Safran Hotel,190,49,60,2017,23,8.0,https://www.booking.com/hotel/az/safran.html,3.7,Included,Free cancellation,No prepayment needed,1,0,0,1,1,0,0,0,1,0,0,0
139,Alison Hotel,3,"101 Rashid Behbudov Street, Baku, Azerbaijan",+994 12 493 2999,alisonhotel@gmail.com,Not specified,160,25,45,2019,24,7.5,https://www.booking.com/hotel/az/alison.html,3.4,Not included,Free cancellation,No prepayment needed,1,0,0,1,0,0,0,0,0,0,0,0
140,The Diamond Hotel Baku,4,"520 Huseyn Javid Avenue, Baku, Azerbaijan",+994 12 538 3838,info@thediamondhotel.az,The Diamond Hotel,175,50,80,2019,26,8.2,https://www.booking.com/hotel/az/the-diamond-baku.html,4.9,Included,Free cancellation,No prepayment needed,1,1,0,1,1,0,0,0,0,0,1,0
