HotelID,HotelName,HotelStarRating,HotelAddress,HotelPhone,HotelEmail,HotelWebsite,room_type,Reviews_count,bed_type,HotelAmenities,NumberOfRooms,AverageRoomRateUSD,CheckInTime,CheckOutTime,LastRenovationDate,DistanceToAirport,RatingAverage,BookingURL,distance_to_center,breakfast,cancellation_policy,prepayment_policy
1,Four Seasons Hotel ,5,"1 Neftchilar Avenue, Baku, Azerbaijan",+994 12 404 2424,reservations.baku@fourseasons.com,www.fourseasons.com/baku,N/A,511 Reviews,N/A,"Spa, Pool, Gym, Free Wi-Fi, Indoor swimming pool, Airport shuttle, Family rooms",171,500$,N/A,N/A,2012,25 km,9.3,https://www.booking.com/hotel/az/four-seasons-baku,0.9,Not included,Free cancellation,No prepayment needed
2,JW Marriott Absheron ,5,"674 Azadliq Square, Baku, Azerbaijan",+994 12 499 8888,jwmarriott.baku@marriott.com,www.marriott.com/baku,N/A,935 Reviews,N/A,"Business Center, Spa, Gym, Indoor swimming pool, Free Wi-Fi, Airport shuttle, Family rooms",243,320$,N/A,N/A,2011,24 km,9.4,https://www.booking.com/hotel/az/jw-marriott-absheron-baku,1.7,Not included,No free cancellation,Prepayment needed
3,"Fairmont Baku , Flame Towers",5,"1A Mehdi Huseyn Street, Baku, Azerbaijan",+994 12 565 4848,baku.reservations@fairmont.com,www.fairmont.com/baku,N/A,1505 Reviews,N/A,"Rooftop Pool, Spa, Free Wi-Fi",318,280$,N/A,N/A,2013,27 km,9.2,https://www.booking.com/hotel/az/fairmont-baku,1.5,Not included,No free cancellation,Prepayment needed
4,Hilton Baku,5,"1B Azadlig Avenue, Baku, Azerbaijan",+994 12 464 5000,hilton.baku@hilton.com,www.hilton.com/baku,N/A,1211 Reviews,N/A,"Executive Lounge, Fitness Center, Indoor Pool",309,300$,N/A,N/A,2010,23 km,9.1,https://www.booking.com/hotel/az/hilton-baku,1.1,Not included,No free cancellation,Prepayment needed
5,Hyatt Regency ,5,"1033 Izmir Street, Baku, Azerbaijan",+994 12 490 1234,baku.regency@hyatt.com,www.hyatt.com/baku,N/A,712 Reviews,N/A,"Spa, Fitness Center, Outdoor Pool",159,270$,N/A,N/A,2009,26 km,9,https://www.booking.com/hotel/az/hyatt-regency-baku,2.1,Not included,No free cancellation,Prepayment needed
6,The Ritz-Carlton,5,"1 Heydar Aliyev Avenue, Baku, Azerbaijan",+994 12 499 8800,ritzcarlton.baku@ritzcarlton.com,www.ritzcarlton.com/baku,N/A,237 Reviews,N/A,"Spa, Club Lounge, Signature Dining",202,380$,N/A,N/A,2020,22 km,9.6,https://www.booking.com/hotel/az/ritz-carlton-baku,3.1,Not included,No free cancellation,Prepayment needed
7,Radisson Hotel ,5,"8 Nizami Street, Baku, Azerbaijan",+994 12 491 3000,radisson.baku@radisson.com,www.radissonhotels.com/baku,N/A,3772 Reviews,N/A,"Free Wi-Fi, Restaurant, Fitness Center",248,260$,N/A,N/A,2014,28 km,8.9,https://www.booking.com/hotel/az/radisson-baku,0.5,Included,Free cancellation,No prepayment needed
8,Sapphire City Hotel ,4,"20 Nigar Rafibeyli Street, Baku, Azerbaijan",+994 12 444 4949,info@sapphirecitybaku.com,www.sapphirecityhotel.com,N/A,656 Reviews,N/A,"Free Wi-Fi, Bar, Conference Facilities",42,180$,N/A,N/A,2017,30 km,8.7,https://www.booking.com/hotel/az/sapphirecitybaku,0.2,Not included,No free cancellation,Prepayment needed
9,InterContinental Baku,5,"31 Bulbul Avenue, Baku, Azerbaijan",+994 12 555 1234,intercontinental.baku@ihg.com,www.ihg.com/intercontinental/baku,N/A,1560 Reviews,N/A,"Club Lounge, Rooftop Bar, Spa",150,340$,N/A,N/A,2021,21 km,9.4,https://www.booking.com/hotel/az/intercontinental-baku,0.7,Not included,No free cancellation,Prepayment needed
10,Excelsior Hotel & Spa ,5,"2 Heydar Aliyev Avenue, Baku, Azerbaijan",+994 12 496 8000,info@excelsior.az,www.excelsior.az/en/pages/14/about-us,N/A,504 Reviews,N/A,"Spa, Indoor Pool, Fitness Center, Free Wi-Fi, Conference Facilities",61,230$,N/A,N/A,2005,25 km,4.5,https://www.booking.com/hotel/az/excelsior-baku,3,Not included,Free cancellation,No prepayment needed
11,Boulevard Hotel  Autograph Collection,5,"4C Khagani Rustamov Street, Baku White City, Baku, Azerbaijan",+994 12 310 00 10,info@boulevardhotel.com,www.boulevardhotelbaku.com,N/A,1200 Reviews,N/A,"Spa, Indoor Pool, Fitness Center, Free Wi-Fi, Conference Facilities, Restaurant, Bar, Sauna, Health & Beauty Center, Halal Food Available",818,195$,N/A,N/A,2015,20 km,8.1,https://www.booking.com/hotel/az/boulevard-hotel,4,Included,Free cancellation,No prepayment needed
12,Sheraton  Intourist Hotel,5,"51 Mikail Useynov Avenue, Baku, Azerbaijan",+994 12 437 9090,info@intouristhotel.az,www.intouristhotelbaku.com,N/A,1921 Reviews,N/A,"Spa, Fitness Center, Free Wi-Fi, Restaurant, Bar, Halal Food Available, Sauna, Health & Beauty Center",150,200$,N/A,N/A,2015,25 km,8.7,https://www.booking.com/hotel/az/intourist-hotel,1.9,Not included,No free cancellation,Prepayment needed
13,Pullman Baku,5,"1C M. Mushfig Street, Baku, Azerbaijan",+994 12 490 7000,info@pullman-baku.com,www.pullmanbaku.com,N/A,418 Reviews,N/A,"Spa, Fitness Center, Aqua Park, Indoor and Outdoor Pools, Free Wi-Fi, Conference Facilities, Restaurant, Bar",280,180$,N/A,N/A,2011,31 km,8.4,https://www.booking.com/hotel/az/pullman-baku,4.2,Included,Free cancellation,No prepayment needed
14,Kempinski Hotel Badamdar ,5,"1C Mikayil Mushfiq Street, Baku, Azerbaijan",+994 12 538 9090,info@kempinski-badamdar.com,www.kempinskihotelbadamdar.com,N/A,245 Reviews,N/A,"Spa, Indoor Pool, Fitness Center, Free Wi-Fi, Conference Facilities, Restaurant, Bar, Sauna, Beauty Center, Kids Club",280,250$,N/A,N/A,2011,31 km,8,https://www.booking.com/hotel/az/kempinski,4.5,Not included,No free cancellation,Prepayment needed
15,Royal Garden Hotel,4,"1 Bakikhanov Street, Yasamal District, Baku, Azerbaijan",+994 12 123 4567,info@royalgarden.az,www.royalgarden.az,N/A,189 Reviews,N/A,"Free Wi-Fi, Spa Services, Fitness Center, 3 On-site Restaurants, Outdoor Pool, Concierge Services, 24-hour Room Service",183,150$,N/A,N/A,2021,28.5 km,8.3,https://www.planetofhotels.com/en/azerbaijan/baku/royal-garden-hotel,2,Included,Free cancellation,Prepayment needed
16,Grand Hotel Europe ,5,"22 Tbilisi Avenue, Baku, Azerbaijan",+994 12 490 70 90,sales@grand-europe.az,www.grandhoteleuropebaku.com,N/A,144 Reviews,N/A,"Spa, Conference Facilities, Free Wi-Fi, Restaurant, Bar, Nightclub, Billiards Room, Airport Shuttle Service",75,225$,N/A,N/A,2022,28 km,8,https://www.booking.com/hotel/az/grand-hotel-europe,1.5,Included,Free cancellation,No prepayment needed
17,Golden Coast Hotel ,5,"14 Mikail Useynov Street, Baku, Azerbaijan","+994 12 491 5200, +994 51 291 6931",info@goldencoast.az,www.goldencoasthotelbaku.com,N/A,276 Reviews,N/A,"Spa, Fitness Center, Indoor Pool, Free Wi-Fi, Conference Facilities, Restaurant, Bar, Sauna",125,200$,N/A,N/A,2018,30 km,8.2,https://www.booking.com/hotel/az/golden-coast,1.7,Included,Free cancellation,Prepayment needed
18,Winter Park Hotel ,4,"210 M. Aliyev Street, Nasimi District, AZ1015, Baku, Azerbaijan",+994 12 599 9199,reservation@winterparkhotel.net,www.winterparkhotelbaku.com,N/A,3143 Reviews,N/A,"Free Wi-Fi, Airport Shuttle, Free Parking, Spa, Fitness Center, Family Rooms, Non-Smoking Rooms, Restaurant, Tea/Coffee Maker in All Rooms",170,145$,N/A,N/A,2017,25 km,9.1,https://www.booking.com/hotel/az/winter-park,1.3,Included,Free cancellation,No prepayment needed
19,Park Inn by Radisson ,4,"1 Azadlig Avenue, Baku, Azerbaijan",+994 12 490 6000,info@parkinn-baku.com,www.parkinnbaku.com,N/A,672 Reviews,N/A,"Free Wi-Fi, Fitness Center, Restaurant, Bar, Conference Facilities, 24-Hour Room Service, Business Center",255,155$,N/A,N/A,2018,24 km,8.4,https://www.booking.com/hotel/az/park-inn-radisson-baku,0.9,Included,Free cancellation,No prepayment needed
20,Ramada by Wyndham ,5,"Salyan Highway, Shikhov Beach 1023, Baku, Azerbaijan",+994 12 491 7303,"sales@ramadabaku.com, info@ramadabaku.com",www.ramadabaku.com,N/A,1505 Reviews,N/A,"Outdoor Pool, Indoor Pool, Private Beach, Spa, Fitness Center, Free Wi-Fi, Restaurant, Bar, Business Center, Conference Facilities",79,140$,N/A,N/A,2024,35 km,7.2,https://www.booking.com/hotel/az/ramada-wyndham-baku,7.8,Not included,No free cancellation,Prepayment needed
21,Molokan Inn Hotel ,4,"8 Gogol Street, Sabail, Baku, Azerbaijan",+994 12 494 45 45,info@molokaninnbaku.com,www.molokaninn.az,N/A,384 Reviews,N/A,"Free Wi-Fi, Restaurant, Air-conditioned rooms, Concierge Service, 24-hour reception, Airport shuttle",21,75$,N/A,N/A,2021,25 km,8.5,https://www.booking.com/molokaninnbaku,0.5,Included,Free cancellation,No prepayment needed
22,Promenade Hotel ,5,"38 Sabir Street, Baku, Azerbaijan",+994 12 505 12 12,info@promenadebaku.com,www.promenadebaku.com,N/A,458 Reviews,N/A,"Free Wi-Fi, Restaurant, Rooftop Terrace, Non-smoking rooms, 24-hour reception",50,85$,N/A,N/A,2020,22 km,8.7,https://www.booking.com/promenadehotelbaku,0.7,Included,Free cancellation,No prepayment needed
23,Theatrum Hotel ,5,"16 Samad Vurgun Street, Baku, Azerbaijan",+994 12 565 56 56,info@theatrumhotelbaku.com,www.theatrumhotelbaku.com,N/A,1500 Reviews,N/A,"Free Wi-Fi, Restaurant, Spa, Non-smoking rooms, Conference Facilities",60,120$,N/A,N/A,2021,19 km,9,https://www.booking.com/theatrumhotelbaku,1.2,Included,Free cancellation,No prepayment needed
24,Miraj Hotel ,4,"18 Ahmad Rajabli Street, Baku, Azerbaijan",+994 12 433 45 45,info@mirajhotelbaku.com,www.mirajhotelbaku.com,N/A,168 Reviews,N/A,"Free Wi-Fi, Restaurant, Non-smoking rooms, Fitness Center, 24-hour reception",40,80$,N/A,N/A,2019,18 km,8.3,https://www.booking.com/mirajhotelbaku,2.3,Included,Free cancellation,No prepayment needed
25,Centric  Boutique Hotel,4,"15 Nizami Street, Baku, Azerbaijan",+994 12 450 45 45,info@centricbaku.com,www.centricbaku.com,N/A,194 Reviews,N/A,"Free Wi-Fi, Boutique-style rooms, Non-smoking rooms, Airport shuttle",30,95$,N/A,N/A,2020,21 km,8.6,https://www.booking.com/centricbaku,0.5,Not included,Free cancellation,No prepayment needed
26,Sapphire Bayil ,4,"3 Neftchilar Avenue, Baku, Azerbaijan",+994 12 495 55 55,info@sapphirebayilbaku.com,www.sapphirebayilbaku.com,N/A,342 Reviews,N/A,"Free Wi-Fi, Restaurant, Rooftop Bar, Non-smoking rooms, 24-hour reception",45,100$,N/A,N/A,2020,20 km,8.4,https://www.booking.com/sapphirebayilbaku,3.1,Not included,No free cancellation,Prepayment needed
27,Nobel Hotel ,4,"50 Nobel Avenue, Baku, Azerbaijan",+994 12 567 67 67,info@nobelhotelbaku.com,www.nobelhotelbaku.com,N/A,286 Reviews,N/A,"Free Wi-Fi, Restaurant, Non-smoking rooms, Fitness Center, 24-hour reception",55,85$,N/A,N/A,2019,19 km,8.2,https://www.booking.com/nobelhotelbaku,1.5,Included,Free cancellation,No prepayment needed
28,Seven Rooms Boutique Hotel,4,"7 Bulbul Avenue, Baku, Azerbaijan",+994 12 477 77 77,info@sevenroomsbaku.com,www.sevenroomsbaku.com,N/A,132 Reviews,N/A,"Free Wi-Fi, Boutique-style rooms, Non-smoking rooms, Airport shuttle",20,90$,N/A,N/A,2020,18 km,8.8,https://www.booking.com/sevenroomsbaku,0.2,Included,Free cancellation,No prepayment needed
29,Passage Boutique Hotel,4,"19 Nigar Rafibeyli Street, Baku, Azerbaijan",+994 12 497 19 19,info@passagehotelbaku.com,www.passagehotelbaku.com,N/A,287 Reviews,N/A,"Free Wi-Fi, Restaurant, Non-smoking rooms, 24-hour reception, Airport shuttle",28,65$,N/A,N/A,2021,20 km,8.4,https://www.booking.com/passagehotelbaku,1.7,Included,Free cancellation,No prepayment needed
30,West Shine Hotel ,4,"4 Tabriz Khalilbeyli Street, Baku, Azerbaijan",+994 12 493 66 66,info@westshinehotelbaku.com,www.westshinehotelbaku.com,N/A,197 Reviews,N/A,"Free Wi-Fi, Restaurant, Non-smoking rooms, 24-hour reception, Airport shuttle",30,75$,N/A,N/A,2019,22 km,8.1,https://www.booking.com/westshinehotelbaku,2,Not included,No free cancellation,Prepayment needed
31,Amber Hotel ,4,"29 Jafar Jabbarli Street, Baku, Azerbaijan",+994 12 594 01 49,sales@amberhotel.az,www.amberhotel.az,N/A,138 Reviews,N/A,"Free Wi-Fi, Indoor pool, Nightclub, Conference hall, Restaurant, Non-smoking rooms, 24-hour reception",22,75$,N/A,N/A,2021,28 km,8.2,https://www.booking.com/amberhotelbaku,1.9,Included,Free cancellation,No prepayment needed
32,Teatro Boutique Hotel,4,"16A Narimanov Avenue, Baku, Azerbaijan",+994 12 480 37 00,info@teatroboutiquehotel.com,www.teatroboutiquehotel.com,N/A,236 Reviews,N/A,"Free Wi-Fi, Fitness center, Restaurant, Spa, Non-smoking rooms",40,70$,N/A,N/A,2019,23 km,8.6,https://www.booking.com/teatroboutiquehotel,2.2,Included,Free cancellation,No prepayment needed
33,Modern Hotel Baku ,4,"188 Mirali Gashgai Street, Baku, Azerbaijan",+994 12 449 47 47,info@modernhotelbaku.com,www.modernhotelbaku.com,N/A,2281 Reviews,N/A,"Free Wi-Fi, Restaurant, Fitness center, Non-smoking rooms, 24-hour reception",67,65$,N/A,N/A,2020,25 km,8.4,https://www.booking.com/modernhotelbaku,2.5,Not included,No free cancellation,Prepayment needed
34,New  Baku Hotel,4,"58 Nizami Street, Baku, Azerbaijan",+994 12 495 60 00,info@newbakuhotel.com,www.newbakuhotel.com,N/A,158 Reviews,N/A,"Free Wi-Fi, Restaurant, Spa, Non-smoking rooms, Conference Facilities",45,85$,N/A,N/A,2018,19 km,8.5,https://www.booking.com/newbakuhotel,1.8,Included,Free cancellation,No prepayment needed
35,Opera Hotel ,4,"20 Samed Vurgun Street, Baku, Azerbaijan",+994 12 493 20 20,info@operahotelbaku.com,www.operahotelbaku.com,N/A,119 Reviews,N/A,"Free Wi-Fi, Spa, Fitness center, Non-smoking rooms, Conference Facilities",70,110$,N/A,N/A,2017,18 km,8.8,https://www.booking.com/operahotelbaku,2,Included,Free cancellation,No prepayment needed
36,Ariva Hotel ,4,"22 Ziya Bunyadov Street, Baku, Azerbaijan",+994 12 566 50 01,info@arivahotelbaku.com,www.arivahotelbaku.com,N/A,94 Reviews,N/A,"Free Wi-Fi, Fitness center, Spa, Restaurant, Non-smoking rooms",47,55$,N/A,N/A,2019,20 km,7.9,https://www.booking.com/arivahotelbaku,1.9,Included,No free cancellation,Prepayment needed
37,Caspi Hotel ,3,"1-ci Yashil Ada Ev 7, Baku, Azerbaijan",+994 50 123 45 67,info@caspi-baku.com,www.caspibakuhotel.com,N/A,112 Reviews,N/A,"Free Wi-Fi, 24-hour front desk, Non-smoking rooms",18,40$,N/A,N/A,2017,18 km,8,https://www.booking.com/caspibaku,1.6,Not included,Free cancellation,No prepayment needed
38,Austin Boutique Hotel,4,"27B Afiyeddin Jalilov Street, Baku, Azerbaijan",+994 12 497 57 07,info@austinbaku.com,www.austinboutiquehotel.com,N/A,76 Reviews,N/A,"Free Wi-Fi, Restaurant, Bar, Airport shuttle, Non-smoking rooms",31,65$,N/A,N/A,2018,24 km,8.2,https://www.booking.com/austinboutiquehotel,1.4,Included,Free cancellation,No prepayment needed
39,Rigs Hotel ,3,"76 Boyuk Gala Street, Baku, Azerbaijan",+994 12 496 72 11,info@rigshotel.com,www.rigshotel.com,N/A,154 Reviews,N/A,"Free Wi-Fi, Restaurant, Non-smoking rooms, 24-hour front desk",32,50$,N/A,N/A,2016,26 km,7.8,https://www.booking.com/rigshotel,1.3,Included,Free cancellation,No prepayment needed
40,Kichik Gala Boutique Hotel ,4,"64 Khojali Avenue, Baku, Azerbaijan",+994 12 497 20 45,info@galaboutiquehotel.com,www.galaboutiquehotel.com,N/A,87 Reviews,N/A,"Free Wi-Fi, Restaurant, Terrace, Non-smoking rooms",21,70$,N/A,N/A,2020,19 km,8.5,https://www.booking.com/galaboutiquehotel,0.9,Included,Free cancellation,No prepayment needed
41,Ibis  City Hotel,3,"9 M. Narimanov Street, Baku, Azerbaijan",+994 12 488 89 00,h9622@accor.com,www.ibis.com/baku-city,N/A,1825 Reviews,N/A,"Free Wi-Fi, Fitness center, Restaurant, Bar, 24-hour reception, Non-smoking rooms",202,50$,N/A,N/A,2024,17 km,8.8,https://www.booking.com/ibis-baku-city,4,Included,Free cancellation,No prepayment needed
42,Sunday Hotel ,4,"11A M. R. Rasulzada Street, Baku, Azerbaijan",+994 12 493 30 40,info@sundayhotelbaku.com,www.sundayhotelbaku.com,N/A,204 Reviews,N/A,"Free Wi-Fi, Restaurant, Non-smoking rooms, 24-hour reception",20,45$,N/A,N/A,2018,18 km,8,https://www.booking.com/sundayhotelbaku,2.1,Not included,Free cancellation,Prepayment needed
43,Cafe Terras Hostel,2,"14A Mirza Mansur Street, Baku, Azerbaijan",+994 55 268 02 02,info@cafeterashostel.com,www.cafeterashostel.com,N/A,65 Reviews,N/A,"Free Wi-Fi, Shared kitchen, Terrace, Non-smoking rooms",10,25$,N/A,N/A,2019,19 km,7.5,https://www.booking.com/cafeterashostel,0.3,Included,No free cancellation,Prepayment needed
44,Parallel Hotel ,4,"19 Uzeyir Hajibeyov Street, Baku, Azerbaijan",+994 12 595 10 10,info@parallelhotelbaku.com,www.parallelhotelbaku.com,N/A,800 Reviews,N/A,"Free Wi-Fi, Restaurant, Bar, Non-smoking rooms, 24-hour reception, Airport shuttle",30,60$,N/A,N/A,2020,20 km,8.2,https://www.booking.com/parallelhotelbaku,1.8,Included,Free cancellation,No prepayment needed
45,Sahil Inn Hotel,4,"15 Alovsat Guliyev Street, Baku, Azerbaijan",+994 12 498 88 00,info@sahilinnbaku.com,www.sahilinnbaku.com,N/A,1327 Reviews,N/A,"Free Wi-Fi, Restaurant, Bar, Non-smoking rooms, 24-hour reception, Airport shuttle",25,85$,N/A,N/A,2017,15 km,7.8,https://www.booking.com/sahilinnbaku,2.4,Included,Free cancellation,No prepayment needed
46,Austin Hotel ,4,"63B Zahid Khalilov Street, Baku, Azerbaijan",+994 70 598 08 12,reservation@austin.az,www.austin.az,N/A,96 Reviews,N/A,"Free Wi-Fi, Restaurant, Spa, Fitness center, Indoor pool, Non-smoking rooms",32,65$,N/A,N/A,2020,20 km,8,https://www.booking.com/austin-hotel-baku,1.6,Included,Free cancellation,No prepayment needed
47,Central Park Hotel ,4,"4A Neftchilar Avenue, Baku, Azerbaijan",+994 12 498 99 99,info@centralparkbaku.com,www.centralparkbaku.com,N/A,226 Reviews,N/A,"Free Wi-Fi, Restaurant, Bar, Fitness center, Sauna, Non-smoking rooms",70,75$,N/A,N/A,2019,25 km,8.5,https://www.booking.com/centralparkhotelbaku,1.4,Not included,Free cancellation,No prepayment needed
48,Lake Palace Hotel ,5,"34 Mirza Mansur Street, Baku, Azerbaijan",+994 12 439 31 31,info@lakepalacehotelbaku.com,www.lakepalacehotel.com,N/A,88 Reviews,N/A,"Free Wi-Fi, Restaurant, Spa, Fitness center, Non-smoking rooms, Conference facilities",36,85$,N/A,N/A,2018,30 km,8.7,https://www.booking.com/lakepalacehotelbaku,2.2,Included,Free cancellation,No prepayment needed
49,Sea Port Hotel ,3,"4A Neftchilar Avenue, Baku, Azerbaijan",+994 12 480 14 14,info@seaporthotelbaku.com,www.seaporthotelbaku.com,N/A,78 Reviews,N/A,"Free Wi-Fi, Restaurant, Bar, Non-smoking rooms, 24-hour reception",30,55$,N/A,N/A,2017,24 km,8,https://www.booking.com/seaporthotelbaku,1,Not included,No free cancellation,Prepayment needed
50,Giz Galasi Hotel,3,"34 Mirza Mansur Street, Baku, Azerbaijan",+994 12-497-1785,info@gizgalasihotelbaku.com,www.gizgalasihotelbaku.com,N/A,111 Reviews,N/A,"Free Wi-Fi, Restaurant, Spa, Indoor Pool, Sauna, Fitness Center, Air Conditioning, Business Center, 24-hour Room Service, Hairdryer, Jacuzzi, Separate Shower and Bath",10,50$,N/A,N/A,2017,19 km,7.5,"	https://www.booking.com/gizgalasihotelbaku",0.8,Included,Free cancellation,No prepayment needed
51,Dafne Hotel ,4,"11 Ahmed Javad Street, Baku, Azerbaijan",+994 12 493 12 12,info@dafnehotelbaku.com,www.dafnehotelbaku.com,N/A,64 Reviews,N/A,"Free Wi-Fi, Restaurant, Spa, Fitness center, Non-smoking rooms",40,70$,N/A,N/A,2019,21 km,8.2,https://www.booking.com/dafnehotelbaku,2.1,Not included,No free cancellation,Prepayment needed
52,Venera Hotel ,3,"5 Hasan Seyidbeyli Street, Baku, Azerbaijan",+994 12 492 49 49,info@venerahotelbaku.com,www.venerahotelbaku.com,N/A,93 Reviews,N/A,"Free Wi-Fi, Restaurant, Non-smoking rooms, 24-hour reception",25,45$,N/A,N/A,2018,19 km,7.9,https://www.booking.com/venerahotelbaku,1.9,Included,Free cancellation,No prepayment needed
53,Moon Light Hotel ,4,"24 Asaf Zeynally Street, Baku, Azerbaijan",+994 12 491 60 60,info@moonlighthotelbaku.com,www.moonlighthotelbaku.com,N/A,52 Reviews,N/A,"Free Wi-Fi, Restaurant, Non-smoking rooms, 24-hour reception, Airport shuttle",20,60$,N/A,N/A,2020,23 km,8.3,https://www.booking.com/moonlighthotelbaku,2.5,Included,Free cancellation,No prepayment needed
54,Sapphire Inn Hotel,4,"5 Hasan Abdullayev Street, Sabayil District, Baku, Azerbaijan",+994 12 505 1105,info@sapphireinn.az,www.sapphireinn.az,N/A,491 Reviews,N/A,"Free Wi-Fi, Restaurant and Bar, 24-hour Room Service, Concierge Services, Hair Salon, Airport Shuttle (additional charge)",56,95$,N/A,N/A,2013,21.1 km,4.1,https://www.trip.com/hotels/baku-hotel-detail-17412685/sapphire-inn-hotel/,1.3,Included,Free cancellation,No prepayment needed
55,Alp Inn Hotel ,4,"82 Azadlig Avenue, Baku, Azerbaijan",+994 12 435 35 35,info@alpinnbaku.com,www.alpinnbaku.com,N/A,182 Reviews,N/A,"Free Wi-Fi, Restaurant, Fitness center, Non-smoking rooms",50,75$,N/A,N/A,2019,18 km,8.6,https://www.booking.com/alpinnhotelbaku,2,Included,No free cancellation,Prepayment needed
56,Wyndham Hotel ,5,"12 Alasgar Gayibov Street, Baku, Azerbaijan",+994 12 567 00 77,info@wyndhambaku.com,www.wyndhambaku.com,N/A,457 Reviews,N/A,"Free Wi-Fi, Spa, Turkish Hammam, Indoor Pool, Fitness Center, Conference Facilities, Non-smoking rooms",123,120$,N/A,N/A,2017,20 km,8,https://www.booking.com/wyndham-baku,0.2,Not included,No free cancellation,Prepayment needed
57,Sky Hotel ,4,"26 Mammad Araz Street, Baku, Azerbaijan",+994 12 511 44 55,info@skyhotelbaku.com,www.skyhotelbaku.com,N/A,134 Reviews,N/A,"Free Wi-Fi, Restaurant, Fitness Center, Non-smoking rooms, Airport shuttle",50,90$,N/A,N/A,2019,22 km,8.2,https://www.booking.com/skyhotelbaku,2.3,Included,Free cancellation,No prepayment needed
58,Diamond Hotel ,4,"27 Teymur Elchin Street, Baku, Azerbaijan",+994 12 432 35 35,info@diamondhotelbaku.com,www.diamondhotelbaku.com,N/A,178 Reviews,N/A,"Free Wi-Fi, Restaurant, Spa, Fitness Center, Non-smoking rooms",60,85$,N/A,N/A,2020,23 km,8.3,https://www.booking.com/diamondhotelbaku,3.7,Not included,No free cancellation,Prepayment needed
59,Ammar Grand Hotel ,4,"15 Nobel Avenue, Baku, Azerbaijan",+994 12 499 88 22,info@ammargrandhotel.com,www.ammargrandhotel.com,N/A,141 Reviews,N/A,"Free Wi-Fi, Spa, Fitness Center, Restaurant, Non-smoking rooms, Conference Facilities",110,100$,N/A,N/A,2018,19 km,8.6,https://www.booking.com/ammargrandhotel,3.4,Included,Free cancellation,No prepayment needed
60,Auroom Hotel ,4,"18 Mammad Araz Street, Baku, Azerbaijan",+994 12 465 78 90,info@auroomhotelbaku.com,www.auroomhotelbaku.com,N/A,212 Reviews,N/A,"Free Wi-Fi, Restaurant, Spa, Fitness Center, Non-smoking rooms",45,95$,N/A,N/A,2019,20 km,8.4,https://www.booking.com/auroomhotelbaku,2.5,Included,Free cancellation,No prepayment needed
61,Alba Hotel & Spa,5,"10 Azadlig Avenue, Baku, Azerbaijan",+994 12 478 47 47,info@albahotelspa.com,www.albahotelspa.com,N/A,1555 Reviews,N/A,"Free Wi-Fi, Spa, Fitness Center, Indoor Pool, Non-smoking rooms, Airport shuttle",75,85$,N/A,N/A,2021,18 km,8.8,https://www.booking.com/albahotelspa,4.8,Included,No free cancellation,Prepayment needed
62,Harmony Hotel ,4,"16 Zarifa Aliyeva Street, Baku, Azerbaijan",+994 12 434 22 22,info@harmonyhotelbaku.com,www.harmonyhotelbaku.com,N/A,145 Reviews,N/A,"Free Wi-Fi, Restaurant, Non-smoking rooms, 24-hour reception, Airport shuttle",55,120$,N/A,N/A,2020,21 km,8.5,https://www.booking.com/harmonyhotelbaku,3.4,Included,Free cancellation,No prepayment needed
63,Ganjali Plaza Hotel,4,"14 Fuzuli Street, Baku, Azerbaijan",+994 12 492 32 32,info@ganjaliplazahotel.com,www.ganjaliplazahotel.com,N/A,198 Reviews,N/A,"Free Wi-Fi, Restaurant, Fitness Center, Non-smoking rooms, Conference Facilities",70,60$,N/A,N/A,2017,24 km,8.1,https://www.booking.com/ganjaliplazahotel,1.7,Included,Free cancellation,No prepayment needed
64,Grand Midway Hotel ,4,"8 Nizami Street, Baku, Azerbaijan",+994 12 493 66 66,info@grandmidwayhotelbaku.com,www.grandmidwayhotelbaku.com,N/A,110 Reviews,N/A,"Free Wi-Fi, Restaurant, Spa, Non-smoking rooms, 24-hour reception",40,65$,N/A,N/A,2018,20 km,8.3,https://www.booking.com/grandmidwayhotelbaku,0.4,Included,Free cancellation,No prepayment needed
65,Ivy Garden Hotel ,5,"5 Mikayil Huseynov Street, Baku, Azerbaijan",+994 12 490 22 22,info@ivygardenhotel.com,www.ivygardenhotel.com,N/A,94 Reviews,N/A,"Free Wi-Fi, Restaurant, Spa, Indoor Pool, Fitness Center, Non-smoking rooms",90,150$,N/A,N/A,2022,17 km,9,https://www.booking.com/ivygardenhotel,1.9,Included,No free cancellation,Prepayment needed
66,Maestro Hotel,4,"30 Rastrapovich Street, Baku, Azerbaijan",+994 55 918 00 12,info@maestrohotel.az,www.maestrohotel.az,N/A,158 Reviews,N/A,"Free Wi-Fi, Restaurant, Airport shuttle, Non-smoking rooms, 24-hour reception",28,60$,N/A,N/A,2020,25 km,8.2,https://www.booking.com/maestrohotelbaku,1.2,Included,Free cancellation,No prepayment needed
67,City Walls Hotel,3,"Kichik Gala Pereulok 8, Baku, Azerbaijan",+994 12 499 88 22,info@citywallshotel.az,www.citywallshotelbaku.com,N/A,142 Reviews,N/A,"Free Wi-Fi, Restaurant, Rooftop Terrace, Non-smoking Rooms, Air Conditioning, Laundry Services, 24-hour Front Desk",9,39$,N/A,N/A,2019,27 km,7.2,https://www.booking.com/citywallshotelbaku,0.4,Included,Free cancellation,No prepayment needed
68,Point Hotel ,5,"20 Murtuza Mukhtarov Street, Baku, Azerbaijan",+994 12 491 50 50,info@pointhotelbaku.com,www.pointhotelbaku.com,N/A,132 Reviews,N/A,"Free Wi-Fi, Spa, Fitness Center, Restaurant, Non-smoking rooms, Conference Facilities",90,140$,N/A,N/A,2021,22 km,8.9,https://www.booking.com/pointhotelbaku,2.6,Not included,No free cancellation,Prepayment needed
69,Liman Hotel ,4,"12 Nariman Narimanov Avenue, Baku, Azerbaijan",+994 12 455 66 66,info@limanhotelbaku.com,www.limanhotelbaku.com,N/A,102 Reviews,N/A,"Free Wi-Fi, Restaurant, Non-smoking rooms, 24-hour reception, Airport shuttle",50,55$,N/A,N/A,2020,21 km,8.4,https://www.booking.com/limanhotelbaku,0.9,Included,Free cancellation,No prepayment needed
70,Dondar Hotel ,4,"5 Ziya Bunyadov Street, Baku, Azerbaijan",+994 12 451 22 33,info@dondarhotelbaku.com,www.dondarhotelbaku.com,N/A,75 Reviews,N/A,"Free Wi-Fi, Restaurant, Non-smoking rooms, 24-hour reception",35,65$,N/A,N/A,2018,23 km,7.8,https://www.booking.com/dondarhotelbaku,3.2,Not included,Free cancellation,No prepayment needed
71,Royal Antique Boutique Hotel,4,"10 Istiglaliyyat Street, Baku, Azerbaijan",+994 12 478 44 44,info@royalantiquebaku.com,www.royalantiquebaku.com,N/A,167 Reviews,N/A,"Free Wi-Fi, Restaurant, Non-smoking rooms, 24-hour reception, Airport shuttle",30,75$,N/A,N/A,2021,20 km,8.5,https://www.booking.com/royalantiquebaku,1,Included,No free cancellation,Prepayment needed
72,Renaissance Palace ,4,"14 Neftchilar Avenue, Baku, Azerbaijan",+994 12 492 20 20,info@renaissancepalacebaku.com,www.renaissancepalacebaku.com,N/A,208 Reviews,N/A,"Free Wi-Fi, Spa, Fitness Center, Restaurant, Non-smoking rooms, Conference Facilities",80,95$,N/A,N/A,2017,18 km,8.8,https://www.booking.com/renaissancepalacebaku,2.5,Included,Free cancellation,No prepayment needed
73,Shah Palace Hotel ,4,"19 Mirza Mansur Street, Baku, Azerbaijan",+994 12 497 78 78,info@shahpalacehotelbaku.com,www.shahpalacehotelbaku.com,N/A,234 Reviews,N/A,"Free Wi-Fi, Spa, Fitness Center, Restaurant, Non-smoking rooms, Conference Facilities",100,85$,N/A,N/A,2021,17 km,9,https://www.booking.com/shahpalacehotelbaku,1.1,Included,No free cancellation,Prepayment needed
74,Nizami Street Hotel,3,"221 Nizami Street, Baku, Azerbaijan",+994 12 493 1010,info@nizamistreethotel.az,www.planetofhotels.com/en/azerbaijan/baku/nizami-street-hotel,N/A,147 Reviews,N/A,"Free Wi-Fi, 24-hour Front Desk, Room Service, Shared Kitchen, On-site Restaurant, Currency Exchange",20,55$,N/A,N/A,2017,21 km,8,https://www.planetofhotels.com/en/azerbaijan/baku/nizami-street-hotel,0.6,Included,Free cancellation,No prepayment needed
75,Premier Hotel ,4,"28 Shamsi Rahimov Street, Baku, Azerbaijan",+994 12 441 09 06,info@premierhotelbaku.com,www.premierhotelbaku.com,N/A,777 Reviews,N/A,"Free Wi-Fi, Indoor pool, Sauna, Restaurant, Non-smoking rooms, 24-hour reception",20,60$,N/A,N/A,2019,25 km,8.1,https://www.booking.com/premierhotelbaku,1.1,Included,Free cancellation,No prepayment needed
76,All Seasons Hotel ,3,"29A Tbilisi Avenue, Baku, Azerbaijan",+994 12 565 45 65,info@allseasonshotelbaku.com,www.allseasonshotelbaku.com,N/A,174 Reviews,N/A,"Free Wi-Fi, Fitness center, Restaurant, Non-smoking rooms, Airport shuttle",50,70$,N/A,N/A,2020,20 km,8.3,https://www.booking.com/allseasonshotelbaku,2.2,Not included,Free cancellation,Prepayment needed
77,Atropat Hotel ,4,"11 Boyuk Gala Street, Baku, Azerbaijan",+994 12 492 34 34,info@atropathotelbaku.com,www.atropathotelbaku.com,N/A,138 Reviews,N/A,"Free Wi-Fi, Restaurant, Spa, Non-smoking rooms, Conference Facilities",30,85$,N/A,N/A,2018,21 km,8.7,https://www.booking.com/atropathotelbaku,1,Included,Free cancellation,No prepayment needed
78,East Legend Panorama Hotel ,4,"13 Niyazi Street, Baku, Azerbaijan",+994 12 441 05 05,info@eastlegendbaku.com,www.eastlegendbaku.com,N/A,127 Reviews,N/A,"Free Wi-Fi, Restaurant, Non-smoking rooms, 24-hour reception, Airport shuttle",40,85$,N/A,N/A,2021,22 km,8.4,https://www.booking.com/eastlegendbaku,3,Included,Free cancellation,No prepayment needed
79,Golden Time Hotel ,4,"22 Ahmad Rajabli Street, Baku, Azerbaijan",+994 12 433 22 22,info@goldentimebaku.com,www.goldentimebaku.com,N/A,156 Reviews,N/A,"Free Wi-Fi, Restaurant, Non-smoking rooms, Fitness Center, 24-hour reception",60,75$,N/A,N/A,2019,18 km,8.5,https://www.booking.com/goldentimebaku,2.5,Included,No free cancellation,Prepayment needed
80,Homebridge Hotel Apartments ,4,"16 Hesen Aliyev Street, Baku, Azerbaijan",+994 12 499 99 99,info@homebridgebaku.com,www.homebridgebaku.com,N/A,198 Reviews,N/A,"Free Wi-Fi, Apartments, Indoor Pool, Fitness Center, Non-smoking rooms",45,60$,N/A,N/A,2020,19 km,8.9,https://www.booking.com/homebridgebaku,1.6,Included,Free cancellation,No prepayment needed
81,Naftalan Guest House,2,"25 Neftchilar Avenue, Baku, Azerbaijan",+994 12 565 56 56,info@naftalanbaku.com,www.naftalanbaku.com,N/A,111 Reviews,N/A,"Free Wi-Fi, Restaurant, Spa, Non-smoking rooms, Conference Facilities",70,40$,N/A,N/A,2022,17 km,9,https://www.booking.com/naftalanbaku,2.4,Included,Free cancellation,No prepayment needed
82,Tourist Hotel ,3,"18 Ziya Bunyadov Street, Baku, Azerbaijan",+994 12 441 22 22,info@touristhotelbaku.com,www.touristhotelbaku.com,N/A,82 Reviews,N/A,"Free Wi-Fi, Restaurant, Non-smoking rooms, 24-hour reception, Airport shuttle",35,55$,N/A,N/A,2019,22 km,8.1,https://www.booking.com/touristhotelbaku,0.7,Included,Free cancellation,No prepayment needed
83,Days Hotel ,4,"18 Baba Aliyev Street, Baku, Azerbaijan",+994 12 480 12 12,info@dayshotelbaku.com,www.dayshotelbaku.com,N/A,199 Reviews,N/A,"Free Wi-Fi, Restaurant, Non-smoking rooms, Fitness Center, Conference Facilities",60,80$,N/A,N/A,2020,21 km,8.3,https://www.booking.com/dayshotelbaku,1.3,Not included,No free cancellation,Prepayment needed
84,Old Baku Hotel,3,"8 Gogol Street, Sabail, Baku, Azerbaijan",+994 12 494 45 45,info@molokaninnbaku.com,www.molokaninn.az,N/A,139 Reviews,N/A,"Free Wi-Fi, Restaurant, Air-conditioned rooms, Concierge Service, 24-hour reception, Airport shuttle",17,75$,N/A,N/A,2021,25 km,8.5,https://www.booking.com/oldbakuhotel,0.9,Included,Free cancellation,No prepayment needed
85,Shams Mini Hotel ,3,"15 Izzat Nabiyev Street, Baku, Azerbaijan",+994 12 567 00 77,info@shamsminibaku.com,www.shamsminibaku.com,N/A,66 Reviews,N/A,"Free Wi-Fi, Non-smoking rooms, Family rooms, 24-hour reception",25,50$,N/A,N/A,2020,20 km,7.8,https://www.booking.com/shamsminibaku,3.2,Included,No free cancellation,Prepayment needed
86,Art Gallery Hotel ,5,"20 Tarlan Aliyarbeyov Street, Baku, Azerbaijan",+994 12 567 89 65,info@artgallerybaku.com,www.artgallerybaku.com,N/A,88 Reviews,N/A,"Free Wi-Fi, Restaurant, Fitness center, Non-smoking rooms, 24-hour reception",35,130$,N/A,N/A,2019,19 km,8.4,https://www.booking.com/artgallerybaku,0.3,Included,Free cancellation,No prepayment needed
87,New City Hotel,4,"33 Aziz Aliyev Street, Baku, Azerbaijan",+994 12 492 1234,info@bakucityhotel.az,www.bakucity.az,N/A,132 Reviews,N/A,"Free Wi-Fi, Airport Shuttle (additional charge), Concierge Service, Daily Housekeeping",20,70$,N/A,N/A,2020,25 km,7,https://www.planetofhotels.com/en/azerbaijan/baku/baku-city-hotel,2.6,Included,No free cancellation,Prepayment needed
88,Azcot Hotel ,4,"17 Hazi Aslanov Street, Baku, Azerbaijan",+994 12 493 20 20,info@azcothotelbaku.com,www.azcothotelbaku.com,N/A,147 Reviews,N/A,"Free Wi-Fi, Fitness center, Restaurant, Spa, Non-smoking rooms, Conference Facilities",60,55$,N/A,N/A,2017,18 km,8.8,https://www.booking.com/azcothotelbaku,1,Included,Free cancellation,No prepayment needed
89,Comfort Inn Hotel ,3,"40 Mirali Qashqai Street, Baku, Azerbaijan",+994 12 441 09 06,info@comforthotelbaku.com,www.comforthotelbaku.com,N/A,101 Reviews,N/A,"Free Wi-Fi, Non-smoking rooms, Family rooms, 24-hour reception, Airport shuttle",28,55$,N/A,N/A,2019,23 km,8.3,https://www.booking.com/comforthotelbaku,2,Included,Free cancellation,Prepayment needed
90,Sunset Hotel ,3,"22 Azadlig Avenue, Baku, Azerbaijan",+994 12 433 22 22,info@sunsethotelbaku.com,www.sunsethotelbaku.com,N/A,97 Reviews,N/A,"Free Wi-Fi, Rooftop Terrace, Non-smoking rooms, 24-hour reception",45,50$,N/A,N/A,2020,22 km,8.7,https://www.booking.com/sunsethotelbaku,3,Included,Free cancellation,No prepayment needed
91,Yasamal Hostel ,2,"15 Yasamal Avenue, Baku, Azerbaijan",+994 12 478 47 47,info@yasamalhotelbaku.com,www.yasamalhotelbaku.com,N/A,68 Reviews,N/A,"Free Wi-Fi, Fitness center, Non-smoking rooms, 24-hour reception",55,20$,N/A,N/A,2021,21 km,8.5,https://www.booking.com/yasamalhotelbaku,1.3,Not included,No free cancellation,Prepayment needed
92,Arion Hotel ,5,"10 Niyazi Street, Baku, Azerbaijan",+994 12 495 55 55,info@arionhotelbaku.com,www.arionhotelbaku.com,N/A,78 Reviews,N/A,"Free Wi-Fi, Restaurant, Non-smoking rooms, Airport shuttle",35,90$,N/A,N/A,2020,20 km,8.4,https://www.booking.com/arionhotelbaku,2.5,Included,Free cancellation,No prepayment needed
93,Marriott Hotel Boulevard,5,"4C Khagani Rustamov Street, Baku, Azerbaijan",+994 12 310 00 77,info@marriottbaku.com,www.marriott.com,N/A,215 Reviews,N/A,"Free Wi-Fi, Indoor pool, Spa, Fitness center, Restaurant, Non-smoking rooms, 24-hour reception",812,145$,N/A,N/A,2021,25 km,9,https://www.booking.com/marriottboulevard,3.9,Not included,No free cancellation,Prepayment needed
94,Bristol Hotel Baku,4,"6 Mammad Amin Rasulzadeh Street, Sabayil District, Baku, Azerbaijan",+994 12 492 5802,info@bristolhotel.az,www.bristol.az,N/A,194 Reviews,N/A,"Free Wi-Fi, Airport Shuttle (additional charge), 24-hour Front Desk, Non-Smoking Rooms",30,70$,N/A,N/A,2012,25 km,7.5,https://www.Booking.com/hotel/az/bristol.en.html,0.6,Included,Free cancellation,No prepayment needed
95,Holiday Inn ,4,"16 Keykab Khanim Street, Baku, Azerbaijan",+994 12 465 20 20,info@holidayinnbaku.com,www.holidayinnbaku.com,N/A,1772 Reviews,N/A,"Free Wi-Fi, Rooftop bar, Spa, Fitness center, Non-smoking rooms, Conference Facilities",223,120$,N/A,N/A,2020,24 km,8.7,https://www.booking.com/holidayinnbaku,2.2,Included,Free cancellation,Prepayment needed
96,White City Hostel,3,"Rovshan Aliyev Street, AZ1025 Baku, Azerbaijan",+994 12 595 2000,info@whitecityhotel.az,www.booking.com/hotel/az/white-city.en.html,N/A,54 Reviews,N/A,"Free Wi-Fi, Air Conditioning, Fully Equipped Kitchen in Apartments",40,30$,N/A,N/A,2019,22.5 km,8,https://www.booking.com/hotel/az/white-city.en.html,1.3,Not included,Free cancellation,Prepayment needed
97,Qafqaz Baku City Hotel & Residences,4,"123 Heydar Aliyev Avenue, Baku, Azerbaijan",+994 12 499 99 99,info@qafqazcitybaku.com,www.qafqazcitybaku.com,N/A,145 Reviews,N/A,"Free Wi-Fi, Apartments, Spa, Fitness center, Non-smoking rooms, Airport shuttle",350,95$,N/A,N/A,2021,28 km,9,https://www.booking.com/qafqazcitybaku,3,Included,Free cancellation,No prepayment needed
98,Diplomat Hotel Baku,3,"Suleyman Rahimov Street 185, Nasimi District, Baku, Azerbaijan",+994 12 493 1919,info@diplomathotelbaku.com,www.diplomathotelbaku.com,N/A,172 Reviews,N/A,"Free Wi-Fi, On-site Restaurant, Room Service, 24-hour Front Desk",24,50$,N/A,N/A,2017,25 km,7,https://www.trip.com/hotels/baku-hotel-detail-3090215/diplomat-hotel-baku/,0.9,Included,No free cancellation,Prepayment needed
99,Swan Hotel Baku,3,"29 Rastrapovichler, Yasamal District, Baku, Azerbaijan",+994 50 705 6555,swanhotelbaku2023@gmail.com,www.swanhotelbaku.com/en/,N/A,98 Reviews,N/A,"Free Wi-Fi, On-site Restaurant, 24-hour Front Desk, Room Service, Private Parking",20,55$,N/A,N/A,2022,25 km,8,https://swanhotelbaku.com/en/,1,Included,Free cancellation,No prepayment needed
100,Qafqaz Sahil  Hotel,4,"Khagani Rustamov Street, Baku, Azerbaijan",+994 12 565 43 21,info@qafqazsahil.com,www.qafqazsahil.com,N/A,204 Reviews,N/A,"Free Wi-Fi, Spa, Fitness center, Restaurant, Non-smoking rooms, 24-hour reception",104,100$,N/A,N/A,2021,15 km,8.5,https://www.booking.com/qafqazsahil,2.5,Included,Free cancellation,No prepayment needed
101,The Crescent Beach Hotel ,4,"Salyan Hwy, Baku, Azerbaijan",+994 12 491 73 00,info@crescentbeachbaku.com,www.crescentbeachbaku.com,N/A,190 Reviews,N/A,"Free Wi-Fi, Private beach, Outdoor pool, Fitness center, Non-smoking rooms, Family rooms",260,110$,N/A,N/A,2020,20 km,8.7,https://www.booking.com/crescentbeachbaku,10,Included,Free cancellation,No prepayment needed
102,Hyatt Regency Baku,5,"1033 Huseyn Javid Avenue, Baku, Azerbaijan",+994 12 510 12 12,info@hyattplacebaku.com,www.hyatt.com,N/A,585 Reviews,N/A,"Free Wi-Fi, Restaurant, Fitness center, Non-smoking rooms, Conference Facilities",196,140$,N/A,N/A,2019,18 km,8.9,https://www.booking.com/hyattplacebaku,2,Included,Free cancellation,No prepayment needed
103,Baku Inn Hotel,4,"10C Nariman Narimanov Street, Baku, Azerbaijan",+994 12 494 55 55,info@bakuinn.com,www.bakuinn.com,N/A,380 Reviews,N/A,"Free Wi-Fi, Restaurant, Non-smoking rooms, 24-hour reception, Airport shuttle",34,75$,N/A,N/A,2018,19 km,8.2,https://www.booking.com/bakuinn,3.5,Not included,Free cancellation,No prepayment needed
104,Staybridge Suites ,4,"26 Afiyaddin Jalilov Street, Baku, Azerbaijan",+994 12 464 84 84,info@staybridgesuitesbaku.com,www.ihg.com/staybridge,N/A,410 Reviews,N/A,"Free Wi-Fi, Indoor pool, Fitness center, Non-smoking rooms, Family rooms",123,105$,N/A,N/A,2020,17 km,9,https://www.booking.com/staybridgebaku,1.1,Included,Free cancellation,No prepayment needed
105,Old City Inn Hotel ,3,"16 Gazi Mahammad Street, Baku, Azerbaijan",+994 12 492 44 44,info@oldcityinn.com,www.oldcityinn.com,N/A,275 Reviews,N/A,"Free Wi-Fi, Restaurant, Non-smoking rooms, 24-hour reception, Airport shuttle",21,75$,N/A,N/A,2021,24 km,8.4,https://www.booking.com/oldcityinnbaku,0.5,Included,Free cancellation,Prepayment needed
106,The Merchant Baku,4,"1093 Gosha Gala Gapisi, Sabayil, Baku 1000, Azerbaijan",+994 12 404 05 00,info@themerchantbaku.com,www.merchantbaku.com,N/A,2477 Reviews,N/A,"Free Wi-Fi, restaurant, bar, fitness center, meeting rooms, non-smoking rooms, 24-hour front desk, airport shuttle (additional charge)",63,110$,N/A,N/A,2021,27 km,4.6,https://www.booking.com/hotel/az/the-merchant-baku,0.7,Included,Free cancellation,No prepayment needed
107,Icheri Sheher Hotel,3,"7B Bunyad Sardarov Street, Baku, Azerbaijan",+994 12 497 45 45,info@ichersheherhotel.com,www.ichersheherhotel.com,N/A,450 Reviews,N/A,"Free Wi-Fi, Boutique-style rooms, Non-smoking rooms, 24-hour reception",20,75$,N/A,N/A,2020,21 km,8.8,https://www.booking.com/ichersheherbaku,1.2,Included,Free cancellation,No prepayment needed
108,Khaghani Centre Hotel,4,"12 Khaghani Street, Baku, Azerbaijan",+994 12 492 34 34,info@khaghanicentrehotel.com,www.khaghanicentrebaku.com,N/A,120 Reviews,N/A,"Free Wi-Fi, Restaurant, Non-smoking rooms, 24-hour reception, Airport shuttle",30,80$,N/A,N/A,2020,22 km,8.4,https://www.booking.com/khaghanicentrebaku,2.4,Not included,Free cancellation,Prepayment needed
109,Museum Inn Boutique Hotel,4,"7 Niyazi Street, Baku, Azerbaijan",+994 12 497 97 97,info@museuminnbaku.com,www.museuminnbaku.com,N/A,165 Reviews,N/A,"Free Wi-Fi, Rooftop Terrace, Non-smoking rooms, Airport shuttle",15,105$,N/A,N/A,2019,19 km,8.7,https://www.booking.com/museuminnbaku,1,Included,Free cancellation,No prepayment needed
110,Noah's Ark Hotel,4,"5 Niyazi Street, Baku, Azerbaijan",+994 12 495 95 95,info@noahsarkbaku.com,www.noahsarkbaku.com,N/A,140 Reviews,N/A,"Free Wi-Fi, Restaurant, Non-smoking rooms, 24-hour reception",25,90$,N/A,N/A,2018,20 km,8.3,https://www.booking.com/noahsarkbaku,0.9,Included,Free cancellation,No prepayment needed
111,City Park Hotel ,4,"46 Nizami Street, Baku, Azerbaijan",+994 12 498 88 88,info@cityparkhotelbaku.com,www.cityparkhotelbaku.com,N/A,1077 Reviews,N/A,"Free Wi-Fi, Fitness center, Non-smoking rooms, 24-hour reception, Airport shuttle",50,95$,N/A,N/A,2020,18 km,8.6,https://www.booking.com/cityparkhotelbaku,0.8,Included,Free cancellation,No prepayment needed
112,Parkway Inn Hotel & Spa ,4,"29 Jafar Jabbarly Street, Yasamal, Baku, Azerbaijan",+994 12 594 35 33,info@parkwayinn.az,www.parkwayinn.az,N/A,188 Reviews,N/A,"Spa and wellness center, fitness center, free Wi-Fi, restaurant, 24-hour front desk, free parking, lobby bar, breakfast included",45,61$,N/A,N/A,2018,25 km,4,https://www.booking.com/hotel/az/parkway-inn-baku,2.1,Included,No free cancellation,Prepayment needed
113,Boutique Hotel ,4,"139 Elovset Quliyev Street, Baku, Azerbaijan",+994 12 251 83 11,info@boutiquehotelbaku.com,www.boutiquehotelbaku.com,N/A,174 Reviews,N/A,"Rooftop restaurant & bar, free Wi-Fi, 24-hour front desk, non-smoking rooms, breakfast included, airport shuttle (additional charge), city views",23,70$,N/A,N/A,2018,25 km,4.4,https://www.booking.com/hotel/az/boutique-baku,1.5,Included,Free cancellation,No prepayment needed
114,Smith Hotel ,4,"22 Koroglu Rahimov Street, Baku, Azerbaijan",+994 12 465 75 76,info@smithhotel.az,www.smithhotel.az,N/A,130 Reviews,N/A,"Free Wi-Fi, restaurant, elegant wood-paneled bar, buffet breakfast, free private parking, 24-hour front desk, tour desk, room service",31,60$,N/A,N/A,2019,25 km,4.2,https://www.booking.com/hotel/az/smith-baku,2.3,Included,Free cancellation,Prepayment needed
115,Riviera Hotel ,4,"1 Qurban Abbasov Street, Baku, Azerbaijan",+994 12 491 10 10,info@riviera.az,www.riviera.az,N/A,270 Reviews,N/A,"Free Wi-Fi, restaurant, private parking, buffet breakfast, 24-hour front desk, sea view rooms, airport shuttle service",30,85$,N/A,N/A,2020,25 km,4.3,https://www.booking.com/hotel/az/riviera-baku,0.6,Included,Free cancellation,No prepayment needed
116,Atropat Old City Hotel ,4,"Magomayev Street, Baku, Azerbaijan",+994 12 492 64 62,info@atropathotel.az,www.atropat.hotels-baku.com,N/A,154 Reviews,N/A,"Free Wi-Fi, restaurant, bar/lounge, buffet breakfast, concierge services, 24-hour front desk, airport shuttle (additional charge), business center, meeting rooms",30,70$,N/A,N/A,2018,26.5 km,4,https://www.booking.com/hotel/az/atropat-old-city-baku,1,Included,Free cancellation,No prepayment needed
117,Promenade Boutique Hotel ,5,"9-13 Neftchilar Avenue, Baku, Azerbaijan",+994 12 594 35 33,reservation@promenadehotel.az,www.resanthotels.az,N/A,1772 Reviews,N/A,"Free Wi-Fi, rooftop lounge with views of Baku Boulevard and the Caspian Sea, restaurant, bar, airport shuttle (additional charge), family rooms, fitness center, tea/coffee maker in all rooms, meeting rooms, non-smoking rooms, 24-hour front desk",42,120$,N/A,N/A,2020,25.7 km,4.5,https://www.booking.com/hotel/az/promenade-baku,2.4,Not included,No free cancellation,Prepayment needed
118,The Horizon Hotel ,4,"62 Mirza Mansur Street, Baku, Azerbaijan",+994 12 492 67 86,info@horizonhotel.az,www.horizonhotel.az,N/A,190 Reviews,N/A,"Free Wi-Fi, 24-hour front desk, airport pick-up service (additional charge), air conditioning, soundproof rooms, business center, bar, restaurant, free parking, concierge services, room service",9,72$,N/A,N/A,2020,26.6 km,6.5,https://www.trip.com/hotels/baku-hotel-detail-3109622/the-horizon-hotel/,1.9,Included,Free cancellation,No prepayment needed
119,Mogan Hotel Baku,5,"12 Inshaatchilar Avenue, Baku, Azerbaijan",+994 12 492 64 62,info@moganhotel.az,www.moganhotelbaku.com,N/A,180 Reviews,N/A,"Free Wi-Fi, Indoor Pool, Spa, Fitness Center, Restaurant, Air Conditioning, 24-hour Reception, Airport Shuttle, Non-smoking Rooms",145,75$,N/A,N/A,2020,30 km,8,https://www.booking.com/moganhotelbaku,2,Included,No free cancellation,Prepayment needed
120,Deluxe Hotel and Spa,3,"119 Hasan Aliyev Street, Baku, Azerbaijan",+994 12 404-00-49,info@deluxehotel.az,www.deluxehotelbaku.com,N/A,160 Reviews,N/A,"Free Wi-Fi, Spa, Hammam, Sauna, Fitness Center, Restaurant, Air Conditioning, 24-hour Reception, Airport Shuttle, Non-smoking Rooms",39,60$,N/A,N/A,2021,24.3 km,8,https://www.booking.com/deluxehotelbaku,3.2,Included,Free cancellation,No prepayment needed
121,Art Club Hotel,5,"11 Asaf Zeynalli Street, Icherisheher, Baku, Azerbaijan",+994 12 492 20 13,info@artclub.az,www.artclub.az,N/A,747 Reviews,N/A,"Free WiFi, Airport shuttle, Family rooms, Non-smoking rooms, Restaurant",11,150$,N/A,N/A,2000,25.7 km,9.2,https://www.booking.com/hotel/az/art-club.html,0.8,Not included,No free cancellation,Prepayment needed
122,Volga Hotel Baku,4,"Xalil Rza Ulutürk 2005, AZ1029, Baku, Azerbaijan",+994 51 244 66 33,zaurmammedov46@gmail.com,www.volgahotelbaku.az,N/A,80 Reviews,N/A,"Free WiFi, Indoor pool, Sauna, Spa, Fitness room, Conference facilities, Airport shuttle, Restaurant",88,81$,N/A,N/A,2021,18.1 km,9.6,https://volgahotelbaku.az,7.4,Included,No free cancellation,Prepayment needed
123,West inn Hotel & Restaurant,5,"12 Boyuk Qala Street, Old City, Baku, Azerbaijan",+994 55 881 72 34,westinnhotelbaku@gmail.com,www.westinnhotelbaku.com,N/A,130 Reviews,N/A,"Free WiFi, Continental breakfast, Shared lounge, Terrace, Restaurant",10,120$,N/A,N/A,2019,24 km,8.5,https://westinnhotelbaku.com,0.4,Included,Free cancellation,No prepayment needed
124,Premier Palace Baku,5,"7C Hasan Aliyev Street, Nasimi, Baku, Azerbaijan",+994 12 492 64 62,info@premierpalace.az,www.premierpalace.com,N/A,180 Reviews,N/A,"Free WiFi, Restaurant, Bar, Spa, Meeting rooms, Summer terrace",58,100$,N/A,N/A,2020,22 km,9,https://www.booking.com/hotel/az/premier-palace-baku.html,3,Included,No free cancellation,Prepayment needed
125,Sapphire Hotel,4,"23 Samed Vurgun Street, Baku, Azerbaijan",+994 12 497 07 77,info@sapphirehotel.az,www.sapphirehotel.az,N/A,310 Reviews,N/A,"Free WiFi, Fitness center, Restaurant, Bar, Conference facilities, Airport shuttle",42,85$,N/A,N/A,2019,24 km,8.8,https://www.booking.com/hotel/az/sapphire.html,0.6,Not included,No free cancellation,Prepayment needed
126,Wyndham Garden Baku,5,"1.1 miles from Koroglu Metro Station, Baku, Azerbaijan",+994 12 497 87 00,info@wyndhamgarden.com,www.wyndhamgarden.com,N/A,220 Reviews,N/A,"Indoor swimming pool, Free WiFi, Airport shuttle, Free parking, Spa, Family rooms, Fitness center, Bar",21,100$,N/A,N/A,2019,16.1 km,8.9,https://www.booking.com/hotel/az/wyndham-garden-baku.html,8.7,Not included,No free cancellation,Prepayment needed
127,Badam d'Art Boutique Hotel,5,"Badamdar, 2 Massiv, 1z, Baku, Azerbaijan",+994 12 251 83 11,info@badamdart.az,www.badamhotel.az,N/A,150 Reviews,N/A,"SPA, Winter garden, Seasonally open outdoor pool, Hammam, Steam room, Sauna, Hot tub, Massage services",16,100$,N/A,N/A,2019,14 km,9.3,https://www.booking.com/hotel/az/badam-dart-boutique.html,2.5,Not included,Free cancellation,No prepayment needed
128,Rose Inn Hotel,3,"95 Mammad Araz Street, Baku, Azerbaijan",+994 12 404-00-49,info@roseinn.az,"www.roseinn,com",N/A,170 Reviews,N/A,"Complimentary Wi-Fi, 24-hour fitness center, Concierge services, 24-hour room service, Restaurant, Bar",49,65$,N/A,N/A,2020,25.6 km,8,https://www.booking.com/hotel/az/rose-inn-baku.html,4,Included,No free cancellation,Prepayment needed
129,Baku Deniz Mall family hotel apartment,5,"63 Neftchilar Prospekti, Nasimi, Baku, Azerbaijan",+994 12 480 14 14,info@denizmallfa.az,www.denizmall.com,N/A,90 Reviews,N/A,"Private beach, Pool with view, Free WiFi, Airport shuttle, Ski-to-door access, 24-hour front desk",35,200$,N/A,N/A,2021,21 km,9,https://www.booking.com/hotel/az/deniz-mall-family-apartment-baku.html,1.6,Not included,No free cancellation,Prepayment needed
130,Baku KNightsBridge London Apartment,5,"153 Nobel Avenue (8 November 153), Baku, Azerbaijan",+994 12 251 83 11,info@knightsbridge.az,www.knightsbridge.com,N/A,65 Reviews,N/A,"Rooftop pool, Hot tub, Sauna, Full kitchen, Private pool, Sea view, Family rooms, Free WiFi",26,110$,N/A,N/A,2021,25 km,6.9,https://www.booking.com/hotel/az/knightsbridge-london-apartment.html,6.9,Included,No free cancellation,Prepayment needed
131,Port Marine Hotel,4,"Namiq Quliyev, Sabayil, AZ1000 Baku, Azerbaijan",+994 99 272 24 24,info@postmarine.az,www.portmarine.az,N/A,100 Reviews,N/A,"Outdoor swimming pool, Spa, Free WiFi, Free parking, Restaurant, Bar, Concierge services, Luggage storage",32,205$,N/A,N/A,2021,34 km,7.7,https://www.booking.com/hotel/az/port-marine-baku.html,7.5,Included,No free cancellation,Prepayment needed
132,Hotel Apartment V?P Park Azure Residence,5,"50 Uzeyir Hajibeyov Street, Sabayil District, Baku, Azerbaijan",+994 12 464 5000,info@azure.az,www.azure.com,N/A,110 Reviews,N/A,"Private bathroom, Terrace, Air conditioning, English, Russian, Turkish spoken",25,180$,N/A,N/A,2020,15 km,10,https://www.booking.com/hotel/az/vip-park-azure-residence.html,3.5,Not included,No free cancellation,Prepayment needed
133,Dinamo Hotel Baku,5,"32 Zarifa Aliyeva Street, Baku, Azerbaijan",+994 12 480 14 14,info@dinamo.az,www.dinamohotelbaku.com,N/A,180 Reviews,N/A,"Swimming pool, Spa & massage, Jacuzzi, Gym, Conference room, Sauna",20,320$,N/A,N/A,2021,17 km,9.1,https://www.booking.com/hotel/az/dinamo-baku.html,1,Included,No free cancellation,Prepayment needed
134,Villa OHO,5,"98 Primorskaya Street, Baku, Azerbaijan",+994 12 495 55 55,info@villaoho.az,www.villaoho.com,N/A,115 Reviews,N/A,"Terrace, Free WiFi, Private parking, 24-hour front desk, Restaurant, Bar",21,130$,N/A,N/A,2021,9 km,8.5,https://www.booking.com/hotel/az/villa-oho-baku.html,29.2,Included,No free cancellation,Prepayment needed
135,Shirvanshah Hotel,5,"1/50 Gesr Street, Sabayil, Baku, Azerbaijan",+994 12 567 67 67,info@shirvanshah.az,www.shirvanshah.az,N/A,200 Reviews,N/A,"Spa, Fitness center, Sauna, Hammam, Restaurant, Bar, Free WiFi, Airport shuttle, Family rooms",16,130$,N/A,N/A,2020,16 km,8.5,https://www.booking.com/hotel/az/shirvanshah.html,0.7,Included,No free cancellation,Prepayment needed
136,Sea Breeze White Villas,5,"Sea Breeze Resort, White Villas 2, A59, Baku, Azerbaijan",+994 12 492 64 62,info@seabrezee.az,www.seabreeze.az,N/A,150 Reviews,N/A,"Private beach, Spa, Fitness center, Outdoor sports grounds, Kids' club, Multiple dining options, Shopping center",27,320$,N/A,N/A,2020,24 km,9.5,https://www.booking.com/hotel/az/sea-breeze-white-villas.html,27,Not included,No free cancellation,Prepayment needed
137,Clover Hotel Baku Formula 1 View,4,"90A Khagani Avenue, Baku, Azerbaijan",+994 12 567 67 67,info@clover.az,www.cloverhotel.com,N/A,185 Reviews,N/A,"Free Wi-Fi, Restaurant, Concierge, Room Service",32,74$,N/A,N/A,2020,25 km,7.8,https://www.booking.com/hotel/az/clover-hotel-baku-formula-1-view.html,1.6,Included,Free cancellation,No prepayment needed
138,Safran Hotel,4,"282 Jeyhun Hajibeyli Street, AZ1069 Baku, Azerbaijan",+994 12 440 0240,info@safranhotel.az,Safran Hotel,N/A,190 Reviews,N/A,"Free Wi-Fi, Restaurant, Bar, 24-hour Front Desk, Business Center",49,60$,N/A,N/A,2017,23 km,8,https://www.booking.com/hotel/az/safran.html,3.7,Included,Free cancellation,No prepayment needed
139,Alison Hotel,3,"101 Rashid Behbudov Street, Baku, Azerbaijan",+994 12 493 2999,alisonhotel@gmail.com,Not specified,N/A,160 Reviews,N/A,"Free Wi-Fi, 24-hour Front Desk, Airport Shuttle, Restaurant",25,45$,N/A,N/A,2019,24 km,7.5,https://www.booking.com/hotel/az/alison.html,3.4,Not included,Free cancellation,No prepayment needed
140,The Diamond Hotel Baku,4,"520 Huseyn Javid Avenue, Baku, Azerbaijan",+994 12 538 3838,info@thediamondhotel.az,The Diamond Hotel,N/A,175 Reviews,N/A,"Free Wi-Fi, Gym, Restaurant, Bar, Spa",50,80$,N/A,N/A,2019,26 km,8.2,https://www.booking.com/hotel/az/the-diamond-baku.html,4.9,Included,Free cancellation,No prepayment needed
